Date,Price,Open,High,Low,Vol.,Change
15-Jan-19,152.8,150.27,152.89,150.06,16.82M,1.87%
14-Jan-19,150,150.85,151.24,149.22,32.44M,-1.50%
11-Jan-19,152.29,152.88,153.7,151.51,27.02M,-0.98%
10-Jan-19,153.8,152.5,153.97,150.86,35.78M,0.32%
9-Jan-19,153.31,151.29,154.53,149.63,45.10M,1.70%
8-Jan-19,150.75,149.56,151.82,148.52,41.03M,1.91%
7-Jan-19,147.93,148.7,148.83,145.9,54.78M,-0.22%
4-Jan-19,148.26,144.53,148.55,143.8,58.61M,4.27%
3-Jan-19,142.19,143.98,145.72,142,91.31M,-9.96%
2-Jan-19,157.92,154.89,158.85,154.23,37.04M,0.11%
31-Dec-18,157.74,158.53,159.36,156.48,35.00M,0.97%
28-Dec-18,156.23,157.5,158.52,154.55,42.29M,0.05%
27-Dec-18,156.15,155.84,156.77,150.07,53.12M,-0.65%
26-Dec-18,157.17,148.3,157.23,146.72,58.58M,7.04%
24-Dec-18,146.83,148.15,151.55,146.59,37.17M,-2.59%
21-Dec-18,150.73,156.86,158.16,149.63,95.74M,-3.89%
20-Dec-18,156.83,160.4,162.11,155.3,64.77M,-2.52%
19-Dec-18,160.89,166,167.45,159.09,49.05M,-3.12%
18-Dec-18,166.07,165.38,167.53,164.39,33.84M,1.30%
17-Dec-18,163.94,165.45,168.35,162.73,44.29M,-0.93%
14-Dec-18,165.48,169,169.08,165.28,40.70M,-3.20%
13-Dec-18,170.95,170.49,172.57,169.55,31.90M,1.09%
12-Dec-18,169.1,170.4,171.92,169.02,35.63M,0.28%
11-Dec-18,168.63,171.66,171.79,167,47.28M,-0.57%
10-Dec-18,169.6,165,170.09,163.33,62.03M,0.66%
7-Dec-18,168.49,173.49,174.49,168.3,42.28M,-3.57%
6-Dec-18,174.72,171.76,174.78,170.42,43.10M,-1.11%
4-Dec-18,176.69,180.95,182.39,176.27,41.34M,-4.40%
3-Dec-18,184.82,184.46,184.94,181.21,40.80M,3.49%
30-Nov-18,178.58,180.29,180.33,177.03,39.53M,-0.54%
29-Nov-18,179.55,182.66,182.8,177.7,41.77M,-0.77%
28-Nov-18,180.94,176.73,181.29,174.93,46.06M,3.85%
27-Nov-18,174.24,171.51,174.77,170.88,41.39M,-0.22%
26-Nov-18,174.62,174.24,174.95,170.26,45.00M,1.35%
23-Nov-18,172.29,174.94,176.59,172.1,23.62M,-2.54%
21-Nov-18,176.78,179.73,180.27,176.55,31.12M,-0.11%
20-Nov-18,176.98,178.37,181.47,175.51,67.83M,-4.78%
19-Nov-18,185.86,190,190.7,184.99,41.92M,-3.96%
16-Nov-18,193.53,190.5,194.97,189.46,36.93M,1.11%
15-Nov-18,191.41,188.39,191.97,186.9,46.48M,2.47%
14-Nov-18,186.8,193.9,194.48,185.93,60.80M,-2.82%
13-Nov-18,192.23,191.63,197.18,191.45,46.88M,-1.00%
12-Nov-18,194.17,199,199.85,193.79,51.14M,-5.04%
9-Nov-18,204.47,205.55,206.01,202.25,34.37M,-1.93%
8-Nov-18,208.49,209.98,210.12,206.75,25.36M,-0.70%
7-Nov-18,209.95,205.97,210.06,204.13,33.42M,3.03%
6-Nov-18,203.77,201.92,204.72,201.69,31.88M,1.08%
5-Nov-18,201.59,204.3,204.39,198.17,66.16M,-2.84%
2-Nov-18,207.48,209.55,213.65,205.43,91.33M,-6.63%
1-Nov-18,222.22,219.05,222.36,216.81,58.32M,1.54%
31-Oct-18,218.86,216.88,220.45,216.62,38.36M,2.61%
30-Oct-18,213.3,211.15,215.18,209.27,36.66M,0.50%
29-Oct-18,212.24,219.19,219.69,206.09,45.94M,-1.88%
26-Oct-18,216.3,215.9,220.19,212.67,47.26M,-1.59%
25-Oct-18,219.8,217.71,221.38,216.75,29.86M,2.19%
24-Oct-18,215.09,222.6,224.23,214.54,40.93M,-3.43%
23-Oct-18,222.73,215.83,223.25,214.7,38.77M,0.94%
22-Oct-18,220.65,219.79,223.36,218.94,28.79M,0.61%
19-Oct-18,219.31,218.06,221.26,217.43,33.08M,1.52%
18-Oct-18,216.02,217.86,219.74,213,32.58M,-2.34%
17-Oct-18,221.19,222.3,222.64,219.34,22.89M,-0.43%
16-Oct-18,222.15,218.93,222.99,216.76,29.18M,2.20%
15-Oct-18,217.36,221.16,221.83,217.27,30.79M,-2.14%
12-Oct-18,222.11,220.42,222.88,216.84,40.34M,3.57%
11-Oct-18,214.45,214.52,219.5,212.32,53.12M,-0.88%
10-Oct-18,216.36,225.46,226.35,216.05,41.99M,-4.63%
9-Oct-18,226.87,223.64,227.27,222.25,26.89M,1.39%
8-Oct-18,223.77,222.21,224.8,220.2,29.66M,-0.23%
5-Oct-18,224.29,227.96,228.41,220.58,33.58M,-1.62%
4-Oct-18,227.99,230.78,232.35,226.73,32.04M,-1.76%
3-Oct-18,232.07,230.05,233.47,229.78,28.65M,1.22%
2-Oct-18,229.28,227.25,230,226.63,24.79M,0.89%
1-Oct-18,227.26,227.95,229.42,226.35,23.60M,0.67%
28-Sep-18,225.74,224.79,225.84,224.02,22.93M,0.35%
27-Sep-18,224.95,223.82,226.44,223.54,30.18M,2.06%
26-Sep-18,220.42,221,223.75,219.76,23.98M,-0.80%
25-Sep-18,222.19,219.75,222.82,219.7,24.55M,0.63%
24-Sep-18,220.79,216.82,221.26,216.63,27.69M,1.44%
21-Sep-18,217.66,220.78,221.36,217.29,96.25M,-1.08%
20-Sep-18,220.03,220.24,222.28,219.15,26.61M,0.76%
19-Sep-18,218.37,218.5,219.62,215.3,27.12M,0.06%
18-Sep-18,218.24,217.79,221.85,217.12,31.57M,0.17%
17-Sep-18,217.88,222.15,222.95,217.27,37.20M,-2.66%
14-Sep-18,223.84,225.75,226.84,222.52,32.00M,-1.14%
13-Sep-18,226.41,223.52,228.35,222.57,41.71M,2.42%
12-Sep-18,221.07,224.94,225,219.84,49.28M,-1.24%
11-Sep-18,223.85,218.01,224.3,216.56,35.75M,2.53%
10-Sep-18,218.33,220.95,221.85,216.47,39.52M,-1.34%
7-Sep-18,221.3,221.85,225.37,220.71,37.62M,-0.81%
6-Sep-18,223.1,226.23,227.35,221.3,34.29M,-1.66%
5-Sep-18,226.87,228.99,229.67,225.1,33.33M,-0.65%
4-Sep-18,228.36,228.41,229.18,226.63,27.39M,0.32%
31-Aug-18,227.63,226.51,228.87,226,43.34M,1.16%
30-Aug-18,225.03,223.25,228.26,222.4,48.79M,0.92%
29-Aug-18,222.98,220.15,223.49,219.41,27.25M,1.49%
28-Aug-18,219.7,219.01,220.54,218.92,22.78M,0.81%
27-Aug-18,217.94,217.15,218.74,216.33,20.53M,0.82%
24-Aug-18,216.16,216.6,216.9,215.11,18.48M,0.31%
23-Aug-18,215.49,214.65,217.05,214.6,18.88M,0.20%
22-Aug-18,215.05,214.1,216.36,213.84,19.02M,0.00%
21-Aug-18,215.04,216.8,217.19,214.03,26.16M,-0.19%
20-Aug-18,215.46,218.1,219.18,215.11,30.29M,-0.97%
17-Aug-18,217.58,213.44,217.95,213.16,35.43M,2.00%
16-Aug-18,213.32,211.75,213.81,211.47,28.50M,1.46%
15-Aug-18,210.24,209.22,210.74,208.33,28.81M,0.23%
14-Aug-18,209.75,210.16,210.56,208.26,20.75M,0.42%
13-Aug-18,208.87,207.7,210.95,207.7,25.89M,0.65%
10-Aug-18,207.53,207.36,209.1,206.67,24.61M,-0.65%
9-Aug-18,208.88,207.28,209.78,207.2,23.49M,0.79%
8-Aug-18,207.25,206.05,207.81,204.52,22.53M,0.07%
7-Aug-18,207.11,209.32,209.5,206.76,25.59M,-0.94%
6-Aug-18,209.07,208,209.25,207.07,25.43M,0.52%
3-Aug-18,207.99,207.03,208.74,205.48,33.45M,0.29%
2-Aug-18,207.39,200.58,208.38,200.35,62.40M,2.92%
1-Aug-18,201.5,199.13,201.76,197.31,67.94M,5.89%
31-Jul-18,190.29,190.3,192.14,189.34,39.37M,0.20%
30-Jul-18,189.91,191.9,192.2,189.07,21.03M,-0.56%
27-Jul-18,190.98,194.99,195.19,190.1,24.02M,-1.66%
26-Jul-18,194.21,194.61,195.96,193.61,19.08M,-0.31%
25-Jul-18,194.82,193.06,194.85,192.43,16.83M,0.94%
24-Jul-18,193,192.45,193.66,192.05,18.70M,0.73%
23-Jul-18,191.61,190.68,191.96,189.56,15.99M,0.09%
20-Jul-18,191.44,191.78,192.43,190.17,20.71M,-0.23%
19-Jul-18,191.88,189.69,192.55,189.69,20.29M,0.78%
18-Jul-18,190.4,191.78,191.8,189.93,16.39M,-0.55%
17-Jul-18,191.45,189.75,191.87,189.2,15.53M,0.28%
16-Jul-18,190.91,191.52,192.65,190.41,15.04M,-0.22%
13-Jul-18,191.33,191.08,191.84,190.9,12.52M,0.16%
12-Jul-18,191.03,189.53,191.41,189.31,18.04M,1.68%
11-Jul-18,187.88,188.5,189.78,187.61,18.83M,-1.30%
10-Jul-18,190.35,190.71,191.28,190.18,15.94M,-0.12%
9-Jul-18,190.58,189.5,190.68,189.3,19.76M,1.39%
6-Jul-18,187.97,185.42,188.43,185.2,17.49M,1.39%
5-Jul-18,185.4,185.26,186.41,184.28,16.60M,0.80%
3-Jul-18,183.92,187.79,187.95,183.54,13.95M,-1.74%
2-Jul-18,187.18,183.82,187.3,183.42,17.73M,1.12%
29-Jun-18,185.11,186.29,187.19,182.91,22.74M,-0.21%
28-Jun-18,185.5,184.1,186.21,183.8,17.37M,0.73%
27-Jun-18,184.16,185.23,187.28,184.03,25.29M,-0.15%
26-Jun-18,184.43,182.99,186.53,182.54,24.57M,1.24%
25-Jun-18,182.17,183.4,184.92,180.73,31.66M,-1.49%
22-Jun-18,184.92,186.12,186.15,184.7,27.20M,-0.29%
21-Jun-18,185.46,187.25,188.35,184.94,25.71M,-0.56%
20-Jun-18,186.5,186.35,187.2,185.73,20.63M,0.44%
19-Jun-18,185.69,185.14,186.33,183.45,33.58M,-1.62%
18-Jun-18,188.74,187.88,189.22,187.2,18.48M,-0.05%
15-Jun-18,188.84,190.03,190.16,188.26,61.72M,-1.03%
14-Jun-18,190.8,191.55,191.57,190.22,21.61M,0.05%
13-Jun-18,190.7,192.42,192.88,190.44,21.64M,-0.82%
12-Jun-18,192.28,191.38,192.61,191.15,16.91M,0.55%
11-Jun-18,191.23,191.35,191.97,190.21,18.31M,-0.25%
8-Jun-18,191.7,191.17,192,189.77,26.66M,-0.91%
7-Jun-18,193.46,194.14,194.2,192.34,21.35M,-0.27%
6-Jun-18,193.98,193.63,194.08,191.92,20.93M,0.35%
5-Jun-18,193.31,193.06,193.94,192.36,21.57M,0.77%
4-Jun-18,191.83,191.63,193.42,191.35,26.27M,0.84%
1-Jun-18,190.24,187.99,190.26,187.75,23.44M,1.80%
31-May-18,186.87,187.22,188.23,186.14,27.48M,-0.34%
30-May-18,187.5,187.72,188,186.78,18.69M,-0.21%
29-May-18,187.9,187.6,188.75,186.87,22.51M,-0.36%
25-May-18,188.58,188.23,189.65,187.65,17.46M,0.23%
24-May-18,188.15,188.77,188.84,186.21,23.23M,-0.11%
23-May-18,188.36,186.35,188.5,185.76,20.06M,0.64%
22-May-18,187.16,188.38,188.88,186.78,15.24M,-0.25%
21-May-18,187.63,188,189.27,186.91,18.40M,0.71%
18-May-18,186.31,187.19,187.81,186.13,18.30M,-0.36%
17-May-18,186.99,188,188.91,186.36,17.29M,-0.63%
16-May-18,188.18,186.07,188.46,186,19.18M,0.93%
15-May-18,186.44,186.78,187.07,185.1,23.70M,-0.91%
14-May-18,188.15,189.01,189.53,187.86,20.78M,-0.23%
11-May-18,188.59,189.49,190.06,187.45,26.21M,-0.76%
10-May-18,190.04,187.74,190.37,187.65,27.99M,1.43%
9-May-18,187.36,186.55,187.4,185.22,23.21M,0.70%
8-May-18,186.05,184.99,186.22,183.66,28.40M,0.48%
7-May-18,185.16,185.18,187.67,184.75,42.45M,0.72%
4-May-18,183.83,178.25,184.25,178.17,56.20M,3.92%
3-May-18,176.89,175.88,177.5,174.44,34.07M,0.18%
2-May-18,176.57,175.22,177.75,173.8,66.54M,4.42%
1-May-18,169.1,166.41,169.2,165.27,53.57M,2.32%
30-Apr-18,165.26,162.13,167.26,161.84,42.43M,1.81%
27-Apr-18,162.32,164,164.33,160.63,35.66M,-1.16%
26-Apr-18,164.22,164.12,165.73,163.37,27.96M,0.35%
25-Apr-18,163.65,162.62,165.42,162.41,28.38M,0.44%
24-Apr-18,162.94,165.67,166.33,161.22,33.69M,-1.39%
23-Apr-18,165.24,166.83,166.92,164.09,36.52M,-0.29%
20-Apr-18,165.72,170.59,171.22,165.43,65.49M,-4.10%
19-Apr-18,172.8,174.95,175.39,172.66,34.81M,-2.83%
18-Apr-18,177.84,177.81,178.82,176.88,20.75M,-0.22%
17-Apr-18,178.24,176.49,178.94,176.41,26.61M,1.38%
16-Apr-18,175.82,175.03,176.19,174.83,21.58M,0.62%
13-Apr-18,174.73,174.78,175.84,173.85,25.12M,0.34%
12-Apr-18,174.14,173.41,175,173.04,22.89M,0.99%
11-Apr-18,172.44,172.23,173.92,171.7,22.43M,-0.47%
10-Apr-18,173.25,173,174,171.53,28.61M,1.88%
9-Apr-18,170.05,169.88,173.09,169.84,29.02M,0.99%
6-Apr-18,168.38,170.97,172.48,168.2,35.01M,-2.56%
5-Apr-18,172.8,172.58,174.23,172.08,26.93M,0.69%
4-Apr-18,171.61,164.88,172.01,164.77,34.61M,1.91%
3-Apr-18,168.39,167.64,168.75,164.88,30.28M,1.03%
2-Apr-18,166.68,167.88,168.94,164.47,37.59M,-0.66%
29-Mar-18,167.78,167.81,171.75,166.9,38.40M,0.78%
28-Mar-18,166.48,167.25,170.02,165.19,41.67M,-1.10%
27-Mar-18,168.34,173.68,175.15,166.92,40.92M,-2.56%
26-Mar-18,172.77,168.07,173.1,166.44,37.54M,4.75%
23-Mar-18,164.94,168.39,169.92,164.94,41.03M,-2.32%
22-Mar-18,168.85,170,172.68,168.6,41.49M,-1.41%
21-Mar-18,171.27,175.04,175.09,171.26,37.05M,-2.27%
20-Mar-18,175.24,175.24,176.8,174.94,19.65M,-0.03%
19-Mar-18,175.3,177.32,177.47,173.66,33.45M,-1.53%
16-Mar-18,178.02,178.65,179.12,177.62,39.40M,-0.35%
15-Mar-18,178.65,178.5,180.24,178.07,22.74M,0.12%
14-Mar-18,178.44,180.32,180.52,177.81,29.37M,-0.85%
13-Mar-18,179.97,182.59,183.5,179.24,31.69M,-0.96%
12-Mar-18,181.72,180.29,182.39,180.21,32.21M,0.97%
9-Mar-18,179.98,177.96,180,177.39,32.19M,1.72%
8-Mar-18,176.94,175.48,177.12,175.07,23.77M,1.09%
7-Mar-18,175.03,174.94,175.85,174.27,31.70M,-0.93%
6-Mar-18,176.67,177.91,178.25,176.13,23.79M,-0.08%
5-Mar-18,176.82,175.21,177.74,174.52,28.40M,0.35%
2-Mar-18,176.21,172.8,176.3,172.45,38.45M,0.69%
1-Mar-18,175,178.54,179.78,172.66,48.80M,-1.75%
28-Feb-18,178.12,179.26,180.62,178.05,37.78M,-0.15%
27-Feb-18,178.39,179.1,180.48,178.16,38.93M,-0.32%
26-Feb-18,178.97,176.35,179.39,176.21,38.16M,1.98%
23-Feb-18,175.5,173.67,175.65,173.54,33.81M,1.74%
22-Feb-18,172.5,171.8,173.95,171.71,30.99M,0.84%
21-Feb-18,171.07,172.83,174.12,171.01,37.47M,-0.45%
20-Feb-18,171.85,172.05,174.26,171.42,33.93M,-0.34%
16-Feb-18,172.43,172.36,174.82,171.77,40.18M,-0.32%
15-Feb-18,172.99,169.79,173.09,169,51.15M,3.36%
14-Feb-18,167.37,163.04,167.54,162.88,40.64M,1.84%
13-Feb-18,164.34,161.95,164.75,161.65,32.55M,1.00%
12-Feb-18,162.71,158.5,163.89,157.51,60.82M,4.03%
9-Feb-18,156.41,157.07,157.89,150.24,70.67M,0.81%
8-Feb-18,155.15,160.29,161,155.03,54.39M,-2.75%
7-Feb-18,159.54,163.09,163.4,159.07,51.61M,-2.14%
6-Feb-18,163.03,154.83,163.72,154,68.24M,4.18%
5-Feb-18,156.49,159.1,163.88,156,72.74M,-2.50%
2-Feb-18,160.5,166,166.8,160.1,86.59M,-4.34%
1-Feb-18,167.78,167.16,168.62,166.76,47.23M,0.21%
31-Jan-18,167.43,166.87,168.44,166.5,32.48M,0.28%
30-Jan-18,166.97,165.53,167.37,164.7,46.05M,-0.59%
29-Jan-18,167.96,170.16,170.16,167.07,50.64M,-2.07%
26-Jan-18,171.51,172,172,170.06,39.14M,0.23%
25-Jan-18,171.11,174.5,174.95,170.53,41.53M,-1.79%
24-Jan-18,174.22,177.25,177.3,173.2,51.11M,-1.59%
23-Jan-18,177.04,177.3,179.44,176.82,32.69M,0.02%
22-Jan-18,177,177.3,177.78,176.6,27.11M,-0.82%
19-Jan-18,178.46,178.61,179.58,177.41,32.43M,-0.45%
18-Jan-18,179.26,179.37,180.1,178.25,31.19M,0.09%
17-Jan-18,179.1,176.15,179.25,175.07,34.39M,1.65%
16-Jan-18,176.19,177.9,179.39,176.14,29.57M,-0.51%
12-Jan-18,177.09,176.18,177.36,175.65,25.42M,1.03%
11-Jan-18,175.28,174.59,175.49,174.49,18.67M,0.57%
10-Jan-18,174.29,173.16,174.3,173,23.96M,-0.02%
9-Jan-18,174.33,174.55,175.06,173.41,21.58M,-0.01%
8-Jan-18,174.35,174.35,175.61,173.93,20.57M,-0.37%
5-Jan-18,175,173.44,175.37,173.05,23.66M,1.14%
4-Jan-18,173.03,172.54,173.47,172.08,22.43M,0.46%
3-Jan-18,172.23,172.53,174.55,171.96,29.52M,-0.02%
2-Jan-18,172.26,170.16,172.3,169.26,25.56M,1.79%
29-Dec-17,169.23,170.52,170.59,169.22,26.00M,-1.08%
28-Dec-17,171.08,171,171.85,170.48,16.48M,0.28%
27-Dec-17,170.6,170.1,170.78,169.71,21.50M,0.02%
26-Dec-17,170.57,170.8,171.47,169.68,33.19M,-2.54%
22-Dec-17,175.01,174.68,175.42,174.5,16.35M,0.00%
21-Dec-17,175.01,174.17,176.02,174.1,20.95M,0.38%
20-Dec-17,174.35,174.87,175.42,173.25,23.48M,-0.11%
19-Dec-17,174.54,175.03,175.39,174.09,27.44M,-1.07%
18-Dec-17,176.42,174.88,177.2,174.86,29.42M,1.41%
15-Dec-17,173.97,173.63,174.17,172.46,40.17M,1.02%
14-Dec-17,172.22,172.4,173.13,171.65,20.48M,-0.03%
13-Dec-17,172.27,172.5,173.54,172,23.82M,0.33%
12-Dec-17,171.7,172.15,172.39,171.46,19.41M,-0.56%
11-Dec-17,172.67,169.2,172.89,168.79,35.27M,1.95%
8-Dec-17,169.37,170.49,171,168.82,23.36M,0.03%
7-Dec-17,169.32,169.03,170.44,168.91,25.67M,0.18%
6-Dec-17,169.01,167.5,170.2,166.46,28.56M,-0.37%
5-Dec-17,169.64,169.06,171.52,168.4,27.35M,-0.09%
4-Dec-17,169.8,172.48,172.62,169.63,32.54M,-0.73%
1-Dec-17,171.05,169.95,171.67,168.5,39.76M,-0.47%
30-Nov-17,171.85,170.43,172.14,168.44,41.53M,1.40%
29-Nov-17,169.48,172.63,172.92,167.16,41.67M,-2.07%
28-Nov-17,173.07,174.3,174.87,171.86,26.43M,-0.59%
27-Nov-17,174.09,175.05,175.08,173.34,20.72M,-0.50%
24-Nov-17,174.97,175.1,175.5,174.65,14.03M,0.01%
22-Nov-17,174.96,173.36,175,173.05,25.59M,1.05%
21-Nov-17,173.14,170.78,173.7,170.78,25.13M,1.86%
20-Nov-17,169.98,170.29,170.56,169.56,16.26M,-0.10%
17-Nov-17,170.15,171.04,171.39,169.64,21.90M,-0.56%
16-Nov-17,171.1,171.18,171.87,170.3,23.64M,1.19%
15-Nov-17,169.08,169.97,170.32,168.38,29.16M,-1.32%
14-Nov-17,171.34,173.04,173.48,171.18,24.78M,-1.51%
13-Nov-17,173.97,173.5,174.5,173.4,16.98M,-0.40%
10-Nov-17,174.67,175.11,175.38,174.27,25.15M,-0.69%
9-Nov-17,175.88,175.11,176.09,173.14,29.48M,-0.20%
8-Nov-17,176.24,174.66,176.24,174.33,24.41M,0.82%
7-Nov-17,174.81,173.91,175.25,173.6,24.36M,0.32%
6-Nov-17,174.25,172.37,174.99,171.72,35.03M,1.01%
3-Nov-17,172.5,174,174.26,171.12,59.40M,2.61%
2-Nov-17,168.11,167.64,168.5,165.28,41.39M,0.73%
1-Nov-17,166.89,169.87,169.94,165.61,33.64M,-1.27%
31-Oct-17,169.04,167.9,169.65,166.94,36.05M,1.39%
30-Oct-17,166.72,163.89,168.07,163.72,44.70M,2.25%
27-Oct-17,163.05,159.29,163.6,158.7,44.45M,3.58%
26-Oct-17,157.41,157.23,157.83,156.78,17.00M,0.64%
25-Oct-17,156.41,156.91,157.55,155.27,21.21M,-0.44%
24-Oct-17,157.1,156.29,157.42,156.2,17.76M,0.60%
23-Oct-17,156.17,156.89,157.69,155.5,21.98M,-0.05%
20-Oct-17,156.25,156.61,157.75,155.96,23.97M,0.17%
19-Oct-17,155.98,156.75,157.08,155.02,42.58M,-2.37%
18-Oct-17,159.76,160.42,160.71,159.6,16.37M,-0.44%
17-Oct-17,160.47,159.78,160.87,159.23,19.00M,0.37%
16-Oct-17,159.88,157.9,160,157.65,24.12M,1.84%
13-Oct-17,156.99,156.73,157.28,156.41,16.39M,0.63%
12-Oct-17,156,156.35,157.37,155.73,16.13M,-0.35%
11-Oct-17,156.55,155.97,156.98,155.75,16.91M,0.42%
10-Oct-17,155.9,156.06,158,155.1,15.62M,0.04%
9-Oct-17,155.84,155.81,156.73,155.49,16.26M,0.35%
6-Oct-17,155.3,154.97,155.49,154.56,17.41M,-0.06%
5-Oct-17,155.39,154.18,155.44,154.05,21.28M,1.24%
4-Oct-17,153.48,153.63,153.86,152.46,20.16M,-0.65%
3-Oct-17,154.48,154.01,155.09,153.91,16.23M,0.44%
2-Oct-17,153.81,154.26,154.45,152.72,18.70M,-0.20%
29-Sep-17,154.12,153.21,154.13,152,26.30M,0.55%
28-Sep-17,153.28,153.89,154.28,152.7,22.01M,-0.62%
27-Sep-17,154.23,153.8,154.72,153.54,25.50M,0.71%
26-Sep-17,153.14,151.78,153.92,151.69,36.66M,1.72%
25-Sep-17,150.55,149.99,151.83,149.16,44.39M,-0.88%
22-Sep-17,151.89,152.02,152.27,150.56,46.65M,-0.98%
21-Sep-17,153.39,155.8,155.8,152.75,37.51M,-1.72%
20-Sep-17,156.07,157.9,158.26,153.83,52.95M,-1.68%
19-Sep-17,158.73,159.51,159.77,158.44,20.81M,0.04%
18-Sep-17,158.67,160.11,160.5,158,28.27M,-0.76%
15-Sep-17,159.88,158.47,160.97,158,49.11M,1.01%
14-Sep-17,158.28,158.99,159.4,158.09,23.76M,-0.86%
13-Sep-17,159.65,159.87,159.96,157.91,44.91M,-0.75%
12-Sep-17,160.86,162.61,163.96,158.77,71.71M,-0.40%
11-Sep-17,161.5,160.5,162.05,159.89,31.58M,1.81%
8-Sep-17,158.63,160.86,161.15,158.53,28.61M,-1.63%
7-Sep-17,161.26,162.09,162.24,160.36,21.93M,-0.40%
6-Sep-17,161.91,162.71,162.99,160.52,21.65M,-0.10%
5-Sep-17,162.08,163.75,164.25,160.56,29.54M,-1.20%
1-Sep-17,164.05,164.8,164.94,163.63,16.59M,0.03%
31-Aug-17,164,163.64,164.52,163.48,26.79M,0.40%
30-Aug-17,163.35,163.8,163.89,162.61,27.27M,0.27%
29-Aug-17,162.91,160.1,163.12,160,29.52M,0.89%
28-Aug-17,161.47,160.14,162,159.93,25.97M,1.01%
25-Aug-17,159.86,159.65,160.56,159.27,25.48M,0.37%
24-Aug-17,159.27,160.43,160.74,158.55,19.82M,-0.44%
23-Aug-17,159.98,159.07,160.47,158.88,19.40M,0.13%
22-Aug-17,159.78,158.23,160,158.02,21.60M,1.63%
21-Aug-17,157.21,157.5,157.89,155.11,26.37M,-0.18%
18-Aug-17,157.5,157.86,159.5,156.72,27.43M,-0.23%
17-Aug-17,157.86,160.52,160.71,157.84,27.94M,-1.92%
16-Aug-17,160.95,161.94,162.51,160.15,27.67M,-0.40%
15-Aug-17,161.6,160.66,162.19,160.14,29.47M,1.09%
14-Aug-17,159.85,159.32,160.21,158.75,22.12M,1.50%
11-Aug-17,157.48,156.6,158.57,156.07,26.26M,1.39%
10-Aug-17,155.32,159.9,160,154.63,40.80M,-3.56%
9-Aug-17,161.06,159.26,161.27,159.11,26.13M,0.61%
8-Aug-17,160.08,158.6,161.83,158.27,36.21M,0.80%
7-Aug-17,158.81,157.06,158.92,156.67,21.87M,1.55%
4-Aug-17,156.39,156.07,157.4,155.69,20.56M,0.53%
3-Aug-17,155.57,157.05,157.21,155.02,27.10M,-1.00%
2-Aug-17,157.14,159.28,159.75,156.16,69.94M,4.73%
1-Aug-17,150.05,149.1,150.22,148.41,35.37M,0.89%
31-Jul-17,148.73,149.9,150.33,148.13,19.85M,-0.52%
28-Jul-17,149.5,149.89,150.23,149.19,17.21M,-0.70%
27-Jul-17,150.56,153.75,153.99,147.3,32.48M,-1.89%
26-Jul-17,153.46,153.35,153.93,153.06,15.78M,0.47%
25-Jul-17,152.74,151.8,153.84,151.8,18.85M,0.43%
24-Jul-17,152.09,150.58,152.44,149.9,21.49M,1.21%
21-Jul-17,150.27,149.99,150.44,148.88,26.25M,-0.05%
20-Jul-17,150.34,151.5,151.74,150.19,17.24M,-0.45%
19-Jul-17,151.02,150.48,151.42,149.95,20.92M,0.63%
18-Jul-17,150.08,149.2,150.13,148.67,17.87M,0.35%
17-Jul-17,149.56,148.82,150.9,148.57,23.79M,0.35%
14-Jul-17,149.04,147.97,149.33,147.33,20.13M,0.86%
13-Jul-17,147.77,145.5,148.49,145.44,25.20M,1.39%
12-Jul-17,145.74,145.87,146.18,144.82,24.88M,0.14%
11-Jul-17,145.53,144.73,145.85,144.38,19.78M,0.32%
10-Jul-17,145.06,144.11,145.95,143.37,21.09M,0.61%
7-Jul-17,144.18,142.9,144.75,142.9,19.20M,1.02%
6-Jul-17,142.73,143.02,143.5,142.41,24.13M,-0.94%
5-Jul-17,144.09,143.69,144.79,142.72,21.57M,0.41%
3-Jul-17,143.5,144.88,145.3,143.1,14.28M,-0.36%
30-Jun-17,144.02,144.45,144.96,143.78,23.02M,0.24%
29-Jun-17,143.68,144.71,145.13,142.28,31.50M,-1.47%
28-Jun-17,145.83,144.49,146.11,143.16,22.08M,1.46%
27-Jun-17,143.73,145.01,146.16,143.62,24.76M,-1.43%
26-Jun-17,145.82,147.17,148.28,145.38,25.69M,-0.31%
23-Jun-17,146.28,145.13,147.16,145.11,35.44M,0.45%
22-Jun-17,145.63,145.77,146.7,145.12,19.11M,-0.16%
21-Jun-17,145.87,145.52,146.07,144.61,21.27M,0.59%
20-Jun-17,145.01,146.87,146.87,144.94,24.90M,-0.91%
19-Jun-17,146.34,143.66,146.74,143.66,32.54M,2.86%
16-Jun-17,142.27,143.78,144.5,142.2,50.36M,-1.40%
15-Jun-17,144.29,143.32,144.48,142.21,32.17M,-0.60%
14-Jun-17,145.16,147.5,147.5,143.84,31.53M,-0.98%
13-Jun-17,146.59,147.16,147.45,145.15,34.17M,0.80%
12-Jun-17,145.42,145.74,146.09,142.51,72.31M,-2.39%
9-Jun-17,148.98,155.19,155.19,146.02,64.88M,-3.88%
8-Jun-17,154.99,155.25,155.54,154.4,21.25M,-0.24%
7-Jun-17,155.37,155.02,155.98,154.48,21.07M,0.60%
6-Jun-17,154.45,153.9,155.81,153.78,26.62M,0.34%
5-Jun-17,153.93,154.34,154.45,153.46,25.33M,-0.98%
2-Jun-17,155.45,153.58,155.45,152.89,27.77M,1.48%
1-Jun-17,153.18,153.17,153.33,152.22,16.40M,0.27%
31-May-17,152.76,153.97,154.17,152.38,24.45M,-0.59%
30-May-17,153.67,153.42,154.43,153.33,20.13M,0.04%
26-May-17,153.61,154,154.24,153.31,21.93M,-0.17%
25-May-17,153.87,153.73,154.35,153.03,19.24M,0.35%
24-May-17,153.34,153.84,154.17,152.67,19.22M,-0.30%
23-May-17,153.8,154.9,154.9,153.31,19.92M,-0.12%
22-May-17,153.99,154,154.58,152.91,22.97M,0.61%
19-May-17,153.06,153.38,153.98,152.63,26.96M,0.34%
18-May-17,152.54,151.27,153.34,151.13,33.57M,1.52%
17-May-17,150.25,153.6,154.57,149.71,50.77M,-3.36%
16-May-17,155.47,155.94,156.06,154.72,20.05M,-0.15%
15-May-17,155.7,156.01,156.65,155.05,26.01M,-0.26%
12-May-17,156.1,154.7,156.42,154.67,32.53M,1.40%
11-May-17,153.95,152.45,154.07,152.31,27.26M,0.45%
10-May-17,153.26,153.63,153.94,152.11,25.81M,-0.47%
9-May-17,153.99,153.87,154.88,153.45,39.13M,0.64%
8-May-17,153.01,149.03,153.7,149.03,48.75M,2.72%
5-May-17,148.96,146.76,148.98,146.76,27.33M,1.66%
4-May-17,146.53,146.52,147.14,145.81,23.37M,-0.36%
3-May-17,147.06,145.59,147.49,144.27,45.70M,-0.31%
2-May-17,147.51,147.54,148.09,146.84,45.35M,0.63%
1-May-17,146.58,145.1,147.2,144.96,33.60M,2.04%
28-Apr-17,143.65,144.09,144.3,143.27,20.86M,-0.10%
27-Apr-17,143.79,143.92,144.16,143.31,14.25M,0.08%
26-Apr-17,143.68,144.47,144.6,143.38,20.04M,-0.59%
25-Apr-17,144.53,143.91,144.9,143.87,18.87M,0.62%
24-Apr-17,143.64,143.5,143.95,143.18,17.13M,0.96%
21-Apr-17,142.27,142.44,142.68,141.85,17.32M,-0.12%
20-Apr-17,142.44,141.22,142.92,141.16,23.32M,1.25%
19-Apr-17,140.68,141.88,142,140.45,17.33M,-0.37%
18-Apr-17,141.2,141.41,142.04,141.11,14.70M,-0.44%
17-Apr-17,141.83,141.48,141.88,140.87,16.58M,0.55%
13-Apr-17,141.05,141.91,142.38,141.05,17.82M,-0.53%
12-Apr-17,141.8,141.6,142.15,141.01,20.35M,0.12%
11-Apr-17,141.63,142.94,143.35,140.06,30.38M,-1.08%
10-Apr-17,143.17,143.6,143.88,142.9,18.93M,-0.12%
7-Apr-17,143.34,143.73,144.18,143.27,16.67M,-0.22%
6-Apr-17,143.66,144.29,144.52,143.45,21.15M,-0.25%
5-Apr-17,144.02,144.22,145.46,143.81,27.72M,-0.52%
4-Apr-17,144.77,143.25,144.89,143.17,19.89M,0.74%
3-Apr-17,143.7,143.71,144.12,143.05,19.99M,0.03%
31-Mar-17,143.66,143.72,144.27,143.01,19.66M,-0.19%
30-Mar-17,143.93,144.19,144.5,143.5,21.21M,-0.13%
29-Mar-17,144.12,143.68,144.49,143.19,29.19M,0.22%
28-Mar-17,143.8,140.91,144.04,140.62,33.37M,2.07%
27-Mar-17,140.88,139.39,141.22,138.62,23.58M,0.17%
24-Mar-17,140.64,141.5,141.74,140.35,22.40M,-0.20%
23-Mar-17,140.92,141.26,141.58,140.61,20.35M,-0.35%
22-Mar-17,141.42,139.84,141.6,139.76,25.86M,1.13%
21-Mar-17,139.84,142.11,142.8,139.73,39.53M,-1.15%
20-Mar-17,141.46,140.4,141.5,140.23,21.54M,1.05%
17-Mar-17,139.99,141,141,139.89,43.88M,-0.50%
16-Mar-17,140.69,140.72,141.02,140.26,19.23M,0.16%
15-Mar-17,140.46,139.41,140.75,139.03,25.69M,1.06%
14-Mar-17,138.99,139.3,139.65,138.84,15.31M,-0.15%
13-Mar-17,139.2,138.85,139.43,138.82,17.42M,0.04%
10-Mar-17,139.14,139.25,139.36,138.64,19.61M,0.33%
9-Mar-17,138.68,138.74,138.79,137.05,22.16M,-0.23%
8-Mar-17,139,138.95,139.8,138.82,18.71M,-0.37%
7-Mar-17,139.52,139.06,139.98,138.79,17.45M,0.13%
6-Mar-17,139.34,139.37,139.77,138.6,21.75M,-0.31%
3-Mar-17,139.78,138.78,139.83,138.59,21.57M,0.59%
2-Mar-17,138.96,140,140.28,138.76,26.21M,-0.59%
1-Mar-17,139.79,137.89,140.15,137.59,36.41M,2.04%
28-Feb-17,136.99,137.08,137.44,136.7,23.48M,0.04%
27-Feb-17,136.93,137.14,137.44,136.28,20.26M,0.20%
24-Feb-17,136.66,135.91,136.66,135.28,21.78M,0.10%
23-Feb-17,136.53,137.38,137.48,136.3,20.79M,-0.42%
22-Feb-17,137.11,136.43,137.12,136.11,20.84M,0.30%
21-Feb-17,136.7,136.23,136.75,135.98,24.51M,0.72%
17-Feb-17,135.72,135.1,135.83,135.1,22.20M,0.28%
16-Feb-17,135.34,135.67,135.9,134.84,22.58M,-0.13%
15-Feb-17,135.51,135.52,136.27,134.62,35.62M,0.36%
14-Feb-17,135.02,133.47,135.09,133.25,33.23M,1.30%
13-Feb-17,133.29,133.08,133.82,132.75,23.04M,0.89%
10-Feb-17,132.12,132.46,132.94,132.05,20.07M,-0.23%
9-Feb-17,132.42,131.65,132.44,131.12,28.35M,0.29%
8-Feb-17,132.04,131.35,132.22,131.22,23.00M,0.39%
7-Feb-17,131.53,130.54,132.09,130.45,38.18M,0.95%
6-Feb-17,130.29,129.13,130.5,128.9,26.85M,0.94%
3-Feb-17,129.08,128.31,129.19,128.16,24.51M,0.43%
2-Feb-17,128.53,127.97,129.39,127.78,33.71M,-0.17%
1-Feb-17,128.75,127.03,130.49,127.01,111.99M,6.10%
31-Jan-17,121.35,121.15,121.39,120.62,49.20M,-0.23%
30-Jan-17,121.63,120.93,121.63,120.66,30.38M,-0.26%
27-Jan-17,121.95,122.14,122.35,121.6,20.56M,0.01%
26-Jan-17,121.94,121.67,122.44,121.6,26.34M,0.05%
25-Jan-17,121.88,120.42,122.1,120.28,32.59M,1.59%
24-Jan-17,119.97,119.55,120.1,119.5,23.21M,-0.09%
23-Jan-17,120.08,120,120.81,119.77,22.05M,0.07%
20-Jan-17,120,120.45,120.45,119.73,32.60M,0.18%
19-Jan-17,119.78,119.4,120.09,119.37,25.60M,-0.18%
18-Jan-17,119.99,120,120.5,119.71,23.71M,-0.01%
17-Jan-17,120,118.34,120.24,118.22,34.44M,0.81%
13-Jan-17,119.04,119.11,119.62,118.81,26.11M,-0.18%
12-Jan-17,119.25,118.89,119.3,118.21,27.09M,-0.42%
11-Jan-17,119.75,118.74,119.93,118.6,27.59M,0.54%
10-Jan-17,119.11,118.77,119.38,118.3,24.46M,0.10%
9-Jan-17,118.99,117.95,119.43,117.94,33.56M,0.92%
6-Jan-17,117.91,116.78,118.16,116.47,31.75M,1.11%
5-Jan-17,116.61,115.92,116.86,115.81,22.19M,0.51%
4-Jan-17,116.02,115.85,116.51,115.75,21.12M,-0.11%
3-Jan-17,116.15,115.8,116.33,114.76,28.78M,0.28%
30-Dec-16,115.82,116.65,117.2,115.43,30.59M,-0.78%
29-Dec-16,116.73,116.45,117.11,116.4,15.04M,-0.03%
28-Dec-16,116.76,117.52,118.02,116.2,20.91M,-0.43%
27-Dec-16,117.26,116.52,117.8,116.49,18.30M,0.64%
23-Dec-16,116.52,115.59,116.52,115.59,14.25M,0.20%
22-Dec-16,116.29,116.35,116.51,115.64,26.09M,-0.66%
21-Dec-16,117.06,116.8,117.4,116.78,23.78M,0.09%
20-Dec-16,116.95,116.74,117.5,116.68,21.42M,0.27%
19-Dec-16,116.64,115.8,117.38,115.75,27.78M,0.58%
16-Dec-16,115.97,116.47,116.5,115.64,44.35M,0.13%
15-Dec-16,115.82,115.38,116.73,115.23,46.52M,0.55%
14-Dec-16,115.19,115.04,116.2,114.98,34.03M,0.00%
13-Dec-16,115.19,113.84,115.92,113.75,43.73M,1.67%
12-Dec-16,113.3,113.29,115,112.49,26.37M,-0.57%
9-Dec-16,113.95,112.31,114.7,112.31,34.40M,1.63%
8-Dec-16,112.12,110.86,112.43,110.6,27.07M,0.98%
7-Dec-16,111.03,109.26,111.19,109.16,30.00M,0.98%
6-Dec-16,109.95,109.5,110.36,109.19,26.20M,0.77%
5-Dec-16,109.11,110,110.03,108.25,34.32M,-0.72%
2-Dec-16,109.9,109.17,110.09,108.85,26.53M,0.37%
1-Dec-16,109.49,110.36,110.94,109.03,37.09M,-0.93%
30-Nov-16,110.52,111.6,112.2,110.27,36.16M,-0.84%
29-Nov-16,111.46,110.78,112.03,110.07,28.53M,-0.10%
28-Nov-16,111.57,111.43,112.47,111.39,27.19M,-0.20%
25-Nov-16,111.79,111.13,111.87,110.95,11.48M,0.50%
23-Nov-16,111.23,111.36,111.51,110.33,27.43M,-0.51%
22-Nov-16,111.8,111.95,112.42,111.4,25.97M,0.06%
21-Nov-16,111.73,110.12,111.99,110.01,29.26M,1.52%
18-Nov-16,110.06,109.72,110.54,109.66,28.43M,0.10%
17-Nov-16,109.95,109.81,110.35,108.83,27.63M,-0.04%
16-Nov-16,109.99,106.7,110.23,106.6,58.84M,2.69%
15-Nov-16,107.11,106.57,107.68,106.16,32.26M,1.32%
14-Nov-16,105.71,107.71,107.81,104.08,51.18M,-2.51%
11-Nov-16,108.43,107.12,108.87,106.55,34.14M,0.59%
10-Nov-16,107.79,111.09,111.09,105.83,57.13M,-2.79%
9-Nov-16,110.88,109.88,111.32,108.05,59.18M,-0.16%
8-Nov-16,111.06,110.31,111.72,109.7,24.25M,0.59%
7-Nov-16,110.41,110.08,110.51,109.46,32.56M,1.44%
4-Nov-16,108.84,108.53,110.25,108.11,30.84M,-0.90%
3-Nov-16,109.83,110.98,111.46,109.55,26.93M,-1.58%
2-Nov-16,111.59,111.4,112.35,111.23,28.33M,0.09%
1-Nov-16,111.49,113.46,113.77,110.53,43.83M,-1.81%
31-Oct-16,113.54,113.65,114.23,113.2,26.42M,-0.16%
28-Oct-16,113.72,113.87,115.21,113.45,37.86M,-0.66%
27-Oct-16,114.48,115.39,115.86,114.1,34.56M,-0.96%
26-Oct-16,115.59,114.31,115.7,113.31,66.13M,-2.25%
25-Oct-16,118.25,117.95,118.36,117.31,48.13M,0.51%
24-Oct-16,117.65,117.1,117.74,117,23.54M,0.90%
21-Oct-16,116.6,116.81,116.91,116.28,23.19M,-0.39%
20-Oct-16,117.06,116.86,117.38,116.33,24.13M,-0.05%
19-Oct-16,117.12,117.25,117.76,113.8,20.03M,-0.30%
18-Oct-16,117.47,118.18,118.21,117.45,24.55M,-0.07%
17-Oct-16,117.55,117.33,117.84,116.78,23.62M,-0.07%
14-Oct-16,117.63,117.88,118.17,117.13,35.65M,0.56%
13-Oct-16,116.98,116.79,117.44,115.72,35.19M,-0.31%
12-Oct-16,117.34,117.35,117.98,116.75,37.59M,0.89%
11-Oct-16,116.3,117.7,118.69,116.2,64.04M,0.22%
10-Oct-16,116.05,115.02,116.75,114.72,36.24M,1.74%
7-Oct-16,114.06,114.31,114.56,113.51,24.36M,0.15%
6-Oct-16,113.89,113.7,114.34,113.13,28.78M,0.74%
5-Oct-16,113.05,113.4,113.66,112.69,21.45M,0.04%
4-Oct-16,113,113.06,114.31,112.63,29.74M,0.43%
3-Oct-16,112.52,112.71,113.05,112.28,21.70M,-0.47%
30-Sep-16,113.05,112.46,113.37,111.8,36.38M,0.78%
29-Sep-16,112.18,113.16,113.8,111.8,35.89M,-1.55%
28-Sep-16,113.95,113.69,114.64,113.43,29.64M,0.76%
27-Sep-16,113.09,113,113.18,112.34,24.61M,0.19%
26-Sep-16,112.88,111.64,113.39,111.55,29.87M,0.15%
23-Sep-16,112.71,114.42,114.79,111.55,52.48M,-1.67%
22-Sep-16,114.62,114.35,114.94,114,31.07M,0.94%
21-Sep-16,113.55,113.85,113.99,112.44,36.00M,-0.02%
20-Sep-16,113.57,113.05,114.12,112.51,34.51M,-0.01%
19-Sep-16,113.58,115.19,116.18,113.25,47.02M,-1.17%
16-Sep-16,114.92,115.12,116.13,114.04,79.89M,-0.56%
15-Sep-16,115.57,113.86,115.73,113.49,90.61M,3.40%
14-Sep-16,111.77,108.73,113.03,108.6,112.34M,3.54%
13-Sep-16,107.95,107.51,108.79,107.24,62.18M,2.38%
12-Sep-16,105.44,102.65,105.72,102.53,45.29M,2.24%
9-Sep-16,103.13,104.64,105.72,103.13,46.56M,-2.26%
8-Sep-16,105.52,107.25,107.27,105.24,53.00M,-2.62%
7-Sep-16,108.36,107.83,108.76,107.07,42.36M,0.61%
6-Sep-16,107.7,107.9,108.3,107.51,26.88M,-0.03%
2-Sep-16,107.73,107.7,108,106.82,26.80M,0.94%
1-Sep-16,106.73,106.14,106.8,105.62,26.70M,0.59%
31-Aug-16,106.1,105.66,106.57,105.64,29.66M,0.09%
30-Aug-16,106,105.8,106.5,105.5,24.86M,-0.77%
29-Aug-16,106.82,106.62,107.44,106.29,24.97M,-0.11%
26-Aug-16,106.94,107.41,107.95,106.31,27.77M,-0.59%
25-Aug-16,107.57,107.39,107.88,106.68,25.09M,-0.43%
24-Aug-16,108.03,108.56,108.75,107.68,23.68M,-0.75%
23-Aug-16,108.85,108.59,109.32,108.53,21.26M,0.31%
22-Aug-16,108.51,108.86,109.1,107.85,25.82M,-0.78%
19-Aug-16,109.36,108.77,109.69,108.36,25.37M,0.26%
18-Aug-16,109.08,109.23,109.6,109.02,21.98M,-0.13%
17-Aug-16,109.22,109.1,109.37,108.34,25.36M,-0.15%
16-Aug-16,109.38,109.63,110.23,109.21,33.79M,-0.09%
15-Aug-16,109.48,108.14,109.54,108.08,25.87M,1.20%
12-Aug-16,108.18,107.78,108.44,107.78,18.66M,0.23%
11-Aug-16,107.93,108.52,108.93,107.85,27.48M,-0.06%
10-Aug-16,108,108.71,108.9,107.76,24.01M,-0.74%
9-Aug-16,108.81,108.23,108.94,108.01,26.32M,0.41%
8-Aug-16,108.37,107.52,108.37,107.16,28.04M,0.83%
5-Aug-16,107.48,106.27,107.65,106.18,40.55M,1.52%
4-Aug-16,105.87,105.58,106,105.28,27.41M,0.08%
3-Aug-16,105.79,104.81,105.84,104.77,30.20M,1.25%
2-Aug-16,104.48,106.05,106.07,104,33.82M,-1.48%
1-Aug-16,106.05,104.41,106.15,104.41,38.17M,1.77%
29-Jul-16,104.21,104.19,104.55,103.68,27.73M,-0.12%
28-Jul-16,104.34,102.83,104.45,102.82,39.87M,1.35%
27-Jul-16,102.95,104.27,104.35,102.75,92.34M,6.50%
26-Jul-16,96.67,96.82,97.97,96.42,56.24M,-0.69%
25-Jul-16,97.34,98.25,98.84,96.92,40.38M,-1.34%
22-Jul-16,98.66,99.26,99.3,98.31,28.31M,-0.77%
21-Jul-16,99.43,99.83,101,99.13,32.70M,-0.53%
20-Jul-16,99.96,100,100.46,99.73,26.28M,0.09%
19-Jul-16,99.87,99.56,100,99.34,23.78M,0.04%
18-Jul-16,99.83,98.7,100.13,98.6,36.49M,1.06%
15-Jul-16,98.78,98.92,99.3,98.5,30.14M,-0.01%
14-Jul-16,98.79,97.39,98.99,97.32,38.92M,1.98%
13-Jul-16,96.87,97.41,97.67,96.84,25.89M,-0.56%
12-Jul-16,97.42,97.17,97.7,97.12,24.17M,0.45%
11-Jul-16,96.98,96.75,97.65,96.73,23.79M,0.31%
8-Jul-16,96.68,96.49,96.89,96.05,28.91M,0.77%
7-Jul-16,95.94,95.7,96.5,95.62,25.14M,0.43%
6-Jul-16,95.53,94.6,95.66,94.37,30.95M,0.57%
5-Jul-16,94.99,95.39,95.4,94.46,27.71M,-0.94%
1-Jul-16,95.89,95.49,96.47,95.33,26.03M,0.30%
30-Jun-16,95.6,94.44,95.77,94.3,35.84M,1.27%
29-Jun-16,94.4,93.97,94.55,93.63,36.53M,0.87%
28-Jun-16,93.59,92.9,93.66,92.14,40.44M,1.68%
27-Jun-16,92.04,93,93.05,91.5,46.62M,-1.46%
24-Jun-16,93.4,92.91,94.66,92.65,75.31M,-2.81%
23-Jun-16,96.1,95.94,96.29,95.25,32.24M,0.58%
22-Jun-16,95.55,96.25,96.89,95.35,29.22M,-0.38%
21-Jun-16,95.91,94.94,96.35,94.68,35.55M,0.85%
20-Jun-16,95.1,96,96.57,95.03,34.41M,-0.24%
17-Jun-16,95.33,96.62,96.65,95.3,61.01M,-2.28%
16-Jun-16,97.55,96.45,97.75,96.07,31.33M,0.42%
15-Jun-16,97.14,97.82,98.41,97.03,29.45M,-0.33%
14-Jun-16,97.46,97.32,98.47,96.75,31.93M,0.12%
13-Jun-16,97.34,98.69,99.12,97.1,38.02M,-1.51%
10-Jun-16,98.83,98.53,99.35,98.48,31.71M,-0.82%
9-Jun-16,99.65,98.5,99.99,98.46,26.60M,0.72%
8-Jun-16,98.94,99.02,99.56,98.68,20.85M,-0.09%
7-Jun-16,99.03,99.25,99.87,98.96,22.41M,0.41%
6-Jun-16,98.63,97.99,101.89,97.55,23.29M,0.73%
3-Jun-16,97.92,97.79,98.27,97.45,28.50M,0.20%
2-Jun-16,97.72,97.6,97.84,96.63,40.19M,-0.75%
1-Jun-16,98.46,99.02,99.54,98.33,29.17M,-1.40%
31-May-16,99.86,99.6,100.4,98.82,42.31M,-0.49%
27-May-16,100.35,99.44,100.47,99.25,36.34M,-0.06%
26-May-16,100.41,99.68,100.73,98.64,56.33M,0.79%
25-May-16,99.62,98.67,99.74,98.11,38.64M,1.76%
24-May-16,97.9,97.22,98.09,96.84,35.14M,1.52%
23-May-16,96.43,95.87,97.19,95.67,38.02M,1.27%
20-May-16,95.22,94.64,95.43,94.52,32.03M,1.08%
19-May-16,94.2,94.64,94.64,93.57,30.44M,-0.38%
18-May-16,94.56,94.16,95.21,93.89,42.06M,1.14%
17-May-16,93.49,94.55,94.7,93.01,46.92M,-0.42%
16-May-16,93.88,92.39,94.39,91.65,61.26M,3.71%
13-May-16,90.52,90,91.67,90,44.39M,0.20%
12-May-16,90.34,92.72,92.78,89.47,76.31M,-2.35%
11-May-16,92.51,93.48,93.57,92.46,28.72M,-0.97%
10-May-16,93.42,93.33,93.57,92.11,33.69M,0.68%
9-May-16,92.79,93,93.77,92.59,32.94M,0.08%
6-May-16,92.72,93.37,93.45,91.85,43.70M,-0.56%
5-May-16,93.24,94,94.07,92.68,35.89M,-1.01%
4-May-16,94.19,95.2,95.9,93.82,41.03M,-1.04%
3-May-16,95.18,94.2,95.74,93.68,56.83M,1.64%
2-May-16,93.64,93.97,94.08,92.4,48.16M,-0.11%
29-Apr-16,93.74,93.99,94.72,92.51,68.53M,-1.15%
28-Apr-16,94.83,97.61,97.88,94.25,82.24M,-3.06%
27-Apr-16,97.82,96,98.71,95.68,114.60M,-6.26%
26-Apr-16,104.35,103.91,105.3,103.91,56.02M,-0.69%
25-Apr-16,105.08,105,105.65,104.51,28.03M,-0.57%
22-Apr-16,105.68,105.01,106.48,104.62,33.68M,-0.27%
21-Apr-16,105.97,106.93,106.93,105.52,31.55M,-1.08%
20-Apr-16,107.13,106.64,108.09,106.06,30.61M,0.21%
19-Apr-16,106.91,107.88,108,106.23,32.38M,-0.53%
18-Apr-16,107.48,108.89,108.95,106.94,60.82M,-2.16%
15-Apr-16,109.85,112.11,112.3,109.73,46.94M,-2.01%
14-Apr-16,112.1,111.62,112.39,111.33,25.47M,0.05%
13-Apr-16,112.04,110.8,112.34,110.8,33.26M,1.45%
12-Apr-16,110.44,109.34,110.5,108.66,27.23M,1.30%
11-Apr-16,109.02,108.97,110.61,108.83,29.41M,0.33%
8-Apr-16,108.66,108.91,109.77,108.17,23.58M,0.11%
7-Apr-16,108.54,109.95,110.42,108.12,31.80M,-2.18%
6-Apr-16,110.96,110.23,110.98,109.2,26.40M,1.05%
5-Apr-16,109.81,109.51,110.73,109.42,26.58M,-1.18%
4-Apr-16,111.12,110.42,112.19,110.27,37.36M,1.03%
1-Apr-16,109.99,108.78,110,108.2,25.87M,0.92%
31-Mar-16,108.99,109.72,109.9,108.88,25.89M,-0.52%
30-Mar-16,109.56,108.65,110.42,108.6,45.60M,1.75%
29-Mar-16,107.68,104.89,107.79,104.88,31.19M,2.37%
28-Mar-16,105.19,106,106.19,105.06,19.41M,-0.45%
24-Mar-16,105.67,105.47,106.25,104.89,26.13M,-0.43%
23-Mar-16,106.13,106.48,107.07,105.9,25.70M,-0.55%
22-Mar-16,106.72,105.25,107.29,105.21,32.44M,0.76%
21-Mar-16,105.91,105.93,107.65,105.14,35.50M,-0.01%
18-Mar-16,105.92,106.34,106.5,105.19,44.21M,0.11%
17-Mar-16,105.8,105.52,106.47,104.96,34.42M,-0.16%
16-Mar-16,105.97,104.61,106.31,104.59,38.30M,1.33%
15-Mar-16,104.58,103.96,105.18,103.85,40.07M,2.01%
14-Mar-16,102.52,101.91,102.91,101.78,25.08M,0.25%
11-Mar-16,102.26,102.24,102.28,101.5,27.41M,1.08%
10-Mar-16,101.17,101.41,102.24,100.15,33.51M,0.05%
9-Mar-16,101.12,101.31,101.58,100.27,27.20M,0.09%
8-Mar-16,101.03,100.78,101.76,100.4,31.56M,-0.82%
7-Mar-16,101.87,102.39,102.83,100.96,35.92M,-1.11%
4-Mar-16,103.01,102.37,103.75,101.37,46.06M,1.49%
3-Mar-16,101.5,100.58,101.71,100.45,36.96M,0.74%
2-Mar-16,100.75,100.51,100.89,99.64,33.17M,0.22%
1-Mar-16,100.53,97.65,100.77,97.42,50.41M,3.97%
29-Feb-16,96.69,96.86,98.23,96.65,35.22M,-0.27%
27-Feb-16,96.95,96.95,96.95,96.95,-,0.04%
26-Feb-16,96.91,97.2,98.02,96.58,28.99M,0.16%
25-Feb-16,96.76,96.05,96.76,95.25,27.58M,0.69%
24-Feb-16,96.1,93.98,96.38,93.32,36.26M,1.49%
23-Feb-16,94.69,96.4,96.5,94.55,31.94M,-2.26%
22-Feb-16,96.88,96.31,96.9,95.92,34.28M,0.87%
19-Feb-16,96.04,96,96.76,95.8,35.37M,-0.23%
18-Feb-16,96.26,98.84,98.89,96.09,39.02M,-1.90%
17-Feb-16,98.12,96.67,98.21,96.15,44.86M,1.53%
16-Feb-16,96.64,95.02,96.85,94.61,49.06M,2.82%
12-Feb-16,93.99,94.19,94.5,93.01,40.35M,0.31%
11-Feb-16,93.7,93.79,94.72,92.59,50.07M,-0.60%
10-Feb-16,94.27,95.92,96.35,94.1,42.34M,-0.76%
9-Feb-16,94.99,94.29,95.94,93.93,44.33M,-0.02%
8-Feb-16,95.01,93.13,95.7,93.04,54.02M,1.05%
5-Feb-16,94.02,96.52,96.92,93.69,46.42M,-2.67%
4-Feb-16,96.6,95.86,97.33,95.19,46.47M,0.26%
3-Feb-16,96.35,95,96.84,94.08,45.96M,1.98%
2-Feb-16,94.48,95.42,96.04,94.28,37.36M,-2.02%
1-Feb-16,96.43,96.47,96.71,95.4,40.94M,-0.93%
29-Jan-16,97.34,94.79,97.34,94.35,64.42M,3.45%
28-Jan-16,94.09,93.79,94.52,92.39,55.68M,0.72%
27-Jan-16,93.42,96.04,96.63,93.34,133.37M,-6.57%
26-Jan-16,99.99,99.93,100.88,98.07,75.08M,0.55%
25-Jan-16,99.44,101.52,101.53,99.21,51.79M,-1.95%
22-Jan-16,101.42,98.63,101.46,98.37,65.80M,5.32%
21-Jan-16,96.3,97.06,97.88,94.94,52.16M,-0.51%
20-Jan-16,96.79,95.1,98.19,93.42,72.33M,0.13%
19-Jan-16,96.66,98.41,98.65,95.5,53.09M,-0.48%
15-Jan-16,97.13,96.2,97.71,95.36,79.83M,-2.40%
14-Jan-16,99.52,97.96,100.48,95.74,63.17M,2.19%
13-Jan-16,97.39,100.32,101.19,97.3,62.44M,-2.57%
12-Jan-16,99.96,100.55,100.69,98.84,49.15M,1.45%
11-Jan-16,98.53,98.97,99.06,97.34,49.74M,1.62%
8-Jan-16,96.96,98.55,99.11,96.76,70.80M,0.53%
7-Jan-16,96.45,98.68,100.13,96.43,81.09M,-4.22%
6-Jan-16,100.7,100.56,102.37,99.87,68.46M,-1.96%
5-Jan-16,102.71,105.75,105.85,102.41,55.79M,-2.51%
4-Jan-16,105.35,102.61,105.37,102,67.65M,0.09%
31-Dec-15,105.26,107.01,107.03,104.82,40.91M,-1.92%
30-Dec-15,107.32,108.58,108.7,107.18,25.21M,-1.31%
29-Dec-15,108.74,106.96,109.43,106.86,30.93M,1.80%
28-Dec-15,106.82,107.59,107.69,106.18,26.70M,-1.12%
24-Dec-15,108.03,109,109,107.95,13.60M,-0.53%
23-Dec-15,108.61,107.27,108.85,107.2,32.66M,1.29%
22-Dec-15,107.23,107.4,107.72,106.45,32.79M,-0.09%
21-Dec-15,107.33,107.28,107.37,105.57,47.59M,1.23%
18-Dec-15,106.03,108.91,109.52,105.81,96.45M,-2.71%
17-Dec-15,108.98,112.02,112.25,108.98,44.77M,-2.12%
16-Dec-15,111.34,111.07,111.99,108.8,56.24M,0.77%
15-Dec-15,110.49,111.94,112.8,110.35,53.32M,-1.77%
14-Dec-15,112.48,112.18,112.68,109.79,65.00M,-0.62%
11-Dec-15,113.18,115.19,115.39,112.85,46.89M,-2.57%
10-Dec-15,116.17,116.04,116.94,115.51,29.21M,0.48%
9-Dec-15,115.62,117.64,117.69,115.08,46.36M,-2.21%
8-Dec-15,118.23,117.52,118.6,116.86,34.31M,-0.04%
7-Dec-15,118.28,118.98,119.86,117.81,32.08M,-0.63%
4-Dec-15,119.03,115.29,119.25,115.11,57.78M,3.32%
3-Dec-15,115.2,116.55,116.79,114.22,41.57M,-0.93%
2-Dec-15,116.28,117.05,118.11,116.08,33.39M,-0.90%
1-Dec-15,117.34,118.75,118.81,116.86,34.85M,-0.81%
30-Nov-15,118.3,117.99,119.41,117.75,39.18M,0.42%
27-Nov-15,117.81,118.29,118.41,117.6,13.05M,-0.19%
25-Nov-15,118.03,119.21,119.23,117.92,21.39M,-0.72%
24-Nov-15,118.88,117.33,119.35,117.12,42.80M,0.96%
23-Nov-15,117.75,119.27,119.73,117.34,32.48M,-1.30%
20-Nov-15,119.3,119.2,119.92,118.85,34.29M,0.44%
19-Nov-15,118.78,117.64,119.75,116.76,43.30M,1.27%
18-Nov-15,117.29,115.76,117.49,115.5,46.67M,3.17%
17-Nov-15,113.69,114.92,115.05,113.32,27.62M,-0.42%
16-Nov-15,114.17,111.38,114.24,111,38.11M,1.63%
13-Nov-15,112.34,115.2,115.57,112.27,45.81M,-2.92%
12-Nov-15,115.72,116.26,116.82,115.65,32.53M,-0.34%
11-Nov-15,116.11,116.37,117.42,115.21,45.22M,-0.57%
10-Nov-15,116.77,116.9,118.07,116.06,59.13M,-3.15%
9-Nov-15,120.57,120.96,121.81,120.05,33.87M,-0.40%
6-Nov-15,121.06,121.11,121.81,120.62,33.04M,0.12%
5-Nov-15,120.92,121.85,122.69,120.18,39.55M,-0.89%
4-Nov-15,122,123.13,123.82,121.62,44.89M,-0.47%
3-Nov-15,122.57,120.79,123.49,120.7,45.52M,1.15%
2-Nov-15,121.18,119.87,121.36,119.61,32.20M,1.41%
30-Oct-15,119.5,120.99,121.22,119.45,49.37M,-0.85%
29-Oct-15,120.53,118.7,120.69,118.27,51.23M,1.06%
28-Oct-15,119.27,116.93,119.3,116.06,85.55M,4.12%
27-Oct-15,114.55,115.4,116.54,113.99,69.88M,-0.63%
26-Oct-15,115.28,118.08,118.13,114.92,66.33M,-3.19%
23-Oct-15,119.08,116.7,119.23,116.33,59.37M,3.10%
22-Oct-15,115.5,114.33,115.5,114.1,41.65M,1.53%
21-Oct-15,113.76,114,115.58,113.7,42.33M,-0.01%
20-Oct-15,113.77,111.34,114.17,110.82,48.97M,1.83%
19-Oct-15,111.73,110.8,111.75,110.11,29.76M,0.62%
16-Oct-15,111.04,111.78,112,110.53,39.23M,-0.73%
15-Oct-15,111.86,110.93,112.1,110.49,37.67M,1.50%
14-Oct-15,110.21,111.29,111.52,109.56,44.46M,-1.41%
13-Oct-15,111.79,110.82,112.45,110.68,33.05M,0.17%
12-Oct-15,111.6,112.73,112.75,111.44,30.47M,-0.46%
9-Oct-15,112.12,110,112.28,109.49,52.77M,2.39%
8-Oct-15,109.5,110.19,110.19,108.21,61.98M,-1.16%
7-Oct-15,110.78,111.74,111.77,109.41,46.77M,-0.48%
6-Oct-15,111.31,110.63,111.74,109.77,48.86M,0.48%
5-Oct-15,110.78,109.88,111.37,109.07,52.06M,0.36%
2-Oct-15,110.38,108.01,111.01,107.55,58.02M,0.73%
1-Oct-15,109.58,109.07,109.62,107.31,63.93M,-0.65%
30-Sep-15,110.3,110.17,111.54,108.73,66.47M,1.14%
29-Sep-15,109.06,112.83,113.51,107.86,73.37M,-3.01%
28-Sep-15,112.44,113.85,114.57,112.44,52.11M,-1.98%
25-Sep-15,114.71,116.44,116.69,114.02,56.15M,-0.25%
24-Sep-15,115,113.25,115.5,112.37,50.22M,0.59%
23-Sep-15,114.32,113.63,114.72,113.3,35.76M,0.81%
22-Sep-15,113.4,113.38,114.18,112.52,50.35M,-1.57%
21-Sep-15,115.21,113.67,115.37,113.66,50.22M,1.55%
18-Sep-15,113.45,112.21,114.3,111.87,74.29M,-0.41%
17-Sep-15,113.92,115.66,116.49,113.72,64.11M,-2.14%
16-Sep-15,116.41,116.25,116.54,115.44,37.17M,0.11%
15-Sep-15,116.28,115.93,116.53,114.42,43.34M,0.84%
14-Sep-15,115.31,116.58,116.89,114.86,58.36M,0.96%
11-Sep-15,114.21,111.79,114.21,111.76,49.92M,1.46%
10-Sep-15,112.57,110.27,113.28,109.9,62.89M,2.20%
9-Sep-15,110.15,113.76,114.02,109.77,85.01M,-1.92%
8-Sep-15,112.31,111.65,112.56,110.32,54.84M,2.78%
4-Sep-15,109.27,108.97,110.45,108.51,50.00M,-1.00%
3-Sep-15,110.37,112.49,112.78,110.04,53.23M,-1.75%
2-Sep-15,112.34,110.23,112.34,109.13,61.89M,4.29%
1-Sep-15,107.72,110.15,111.88,107.36,76.85M,-4.47%
31-Aug-15,112.76,112.03,114.53,112,56.23M,-0.47%
28-Aug-15,113.29,112.17,113.31,111.54,53.16M,0.33%
27-Aug-15,112.92,112.23,113.24,110.02,84.62M,2.94%
26-Aug-15,109.69,107.08,109.89,105.05,96.77M,5.74%
25-Aug-15,103.74,111.11,111.11,103.5,103.60M,0.60%
24-Aug-15,103.12,94.87,108.8,92,162.21M,-2.50%
21-Aug-15,105.76,110.43,111.9,105.64,128.28M,-6.12%
20-Aug-15,112.65,114.08,114.35,111.63,68.50M,-2.05%
19-Aug-15,115.01,116.1,116.52,114.68,48.29M,-1.28%
18-Aug-15,116.5,116.43,117.44,116.01,34.56M,-0.56%
17-Aug-15,117.16,116.04,117.65,115.5,40.88M,1.03%
14-Aug-15,115.96,114.32,116.31,114.01,42.93M,0.70%
13-Aug-15,115.15,116.04,116.4,114.54,48.54M,-0.08%
12-Aug-15,115.24,112.53,115.42,109.63,101.69M,1.54%
11-Aug-15,113.49,117.81,118.18,113.33,97.08M,-5.20%
10-Aug-15,119.72,116.53,119.99,116.53,54.95M,3.64%
7-Aug-15,115.52,114.58,116.25,114.5,38.67M,0.34%
6-Aug-15,115.13,115.97,116.5,114.11,52.90M,-0.23%
5-Aug-15,115.4,112.95,117.44,112.1,99.31M,0.66%
4-Aug-15,114.64,117.42,117.7,113.25,124.14M,-3.21%
3-Aug-15,118.44,121.5,122.57,117.52,69.98M,-2.36%
31-Jul-15,121.3,122.6,122.64,120.91,42.88M,-0.87%
30-Jul-15,122.37,122.32,122.57,121.71,33.63M,-0.50%
29-Jul-15,122.99,123.15,123.5,122.27,37.01M,-0.32%
28-Jul-15,123.38,123.38,123.91,122.55,33.62M,0.50%
27-Jul-15,122.77,123.09,123.61,122.12,44.46M,-1.39%
24-Jul-15,124.5,125.32,125.74,123.9,42.16M,-0.53%
23-Jul-15,125.16,126.2,127.09,125.06,51.00M,-0.05%
22-Jul-15,125.22,121.99,125.5,121.99,115.45M,-4.23%
21-Jul-15,130.75,132.85,132.92,130.32,76.76M,-1.00%
20-Jul-15,132.07,130.97,132.97,130.7,58.90M,1.89%
17-Jul-15,129.62,129.08,129.62,128.31,46.16M,0.86%
16-Jul-15,128.51,127.74,128.57,127.35,36.22M,1.33%
15-Jul-15,126.82,125.72,127.15,125.58,33.65M,0.96%
14-Jul-15,125.61,126.04,126.37,125.04,31.77M,-0.04%
13-Jul-15,125.66,125.03,125.75,124.32,41.44M,1.93%
10-Jul-15,123.28,121.94,123.85,121.21,61.35M,2.67%
9-Jul-15,120.07,123.85,124.06,119.22,78.60M,-2.04%
8-Jul-15,122.57,124.48,124.64,122.54,60.76M,-2.48%
7-Jul-15,125.69,125.89,126.15,123.77,46.95M,-0.25%
6-Jul-15,126,124.94,126.23,124.85,28.06M,-0.35%
2-Jul-15,126.44,126.43,126.69,125.77,27.21M,-0.13%
1-Jul-15,126.6,126.9,126.94,125.99,30.24M,0.94%
30-Jun-15,125.42,125.57,126.12,124.86,44.37M,0.71%
29-Jun-15,124.53,125.46,126.47,124.48,49.16M,-1.75%
26-Jun-15,126.75,127.67,127.99,126.51,44.07M,-0.59%
25-Jun-15,127.5,128.86,129.2,127.5,31.94M,-0.48%
24-Jun-15,128.11,127.21,129.8,127.12,55.28M,0.85%
23-Jun-15,127.03,127.48,127.61,126.88,30.27M,-0.45%
22-Jun-15,127.61,127.49,128.06,127.08,34.04M,0.80%
19-Jun-15,126.6,127.71,127.82,126.4,54.72M,-1.00%
18-Jun-15,127.88,127.23,128.31,127.22,35.41M,0.46%
17-Jun-15,127.3,127.72,127.88,126.74,32.92M,-0.24%
16-Jun-15,127.6,127.03,127.85,126.37,31.49M,0.54%
15-Jun-15,126.92,126.1,127.24,125.71,43.99M,-0.20%
12-Jun-15,127.17,128.19,128.33,127.11,36.89M,-1.10%
11-Jun-15,128.59,129.18,130.18,128.47,35.39M,-0.23%
10-Jun-15,128.88,127.92,129.34,127.85,39.09M,1.15%
9-Jun-15,127.42,126.7,128.08,125.62,56.08M,-0.30%
8-Jun-15,127.8,128.9,129.21,126.83,52.67M,-0.66%
5-Jun-15,128.65,129.5,129.69,128.36,35.63M,-0.55%
4-Jun-15,129.36,129.58,130.58,128.91,38.45M,-0.58%
3-Jun-15,130.12,130.66,130.94,129.9,30.98M,0.12%
2-Jun-15,129.96,129.86,130.66,129.32,33.67M,-0.44%
1-Jun-15,130.53,131.2,131.39,130.05,32.11M,0.19%
29-May-15,130.28,131.23,131.45,129.9,50.88M,-1.14%
28-May-15,131.78,131.86,131.95,131.1,30.73M,-0.20%
27-May-15,132.04,130.34,132.26,130.05,45.83M,1.87%
26-May-15,129.62,132.6,132.91,129.12,70.70M,-2.20%
22-May-15,132.54,131.6,132.97,131.4,45.60M,0.88%
21-May-15,131.39,130.07,131.63,129.83,39.73M,1.02%
20-May-15,130.06,130,130.98,129.34,36.45M,-0.01%
19-May-15,130.07,130.69,130.88,129.64,44.63M,-0.09%
18-May-15,130.19,128.38,130.72,128.36,50.88M,1.10%
15-May-15,128.77,129.07,129.49,128.21,38.21M,-0.14%
14-May-15,128.95,127.41,128.95,127.16,45.20M,2.33%
13-May-15,126.01,126.15,127.19,125.87,34.69M,0.12%
12-May-15,125.86,125.6,126.88,124.82,48.16M,-0.36%
11-May-15,126.32,127.39,127.56,125.62,42.04M,-1.02%
8-May-15,127.62,126.68,127.62,126.11,55.55M,1.88%
7-May-15,125.26,124.77,126.08,124.02,43.94M,0.20%
6-May-15,125.01,126.56,126.75,123.36,72.14M,-0.63%
5-May-15,125.8,128.15,128.45,125.78,49.27M,-2.25%
4-May-15,128.7,129.5,130.57,128.26,50.99M,-0.19%
1-May-15,128.95,126.1,130.13,125.3,58.51M,3.04%
30-Apr-15,125.15,127.5,127.88,124.58,83.20M,-2.71%
29-Apr-15,128.64,130.16,131.59,128.3,63.39M,-1.47%
28-Apr-15,130.56,134.46,134.54,129.57,118.92M,-1.58%
27-Apr-15,132.65,132.31,133.13,131.15,96.95M,1.82%
24-Apr-15,130.28,130.49,130.63,129.23,44.53M,0.47%
23-Apr-15,129.67,128.3,130.42,128.14,45.77M,0.82%
22-Apr-15,128.62,126.99,128.87,126.32,37.65M,1.35%
21-Apr-15,126.91,128.1,128.2,126.67,32.44M,-0.54%
20-Apr-15,127.6,125.57,128.12,125.17,47.05M,2.28%
17-Apr-15,124.75,125.55,126.14,124.46,51.96M,-1.13%
16-Apr-15,126.17,126.28,127.1,126.11,28.37M,-0.48%
15-Apr-15,126.78,126.41,127.13,126.01,28.97M,0.38%
14-Apr-15,126.3,127,127.29,125.91,25.52M,-0.43%
13-Apr-15,126.85,128.37,128.57,126.61,36.37M,-0.20%
10-Apr-15,127.1,125.95,127.21,125.26,40.19M,0.43%
9-Apr-15,126.56,125.85,126.58,124.66,32.48M,0.76%
8-Apr-15,125.6,125.85,126.4,124.97,37.33M,-0.33%
7-Apr-15,126.01,127.64,128.12,125.98,35.01M,-1.05%
6-Apr-15,127.35,124.47,127.51,124.33,37.19M,1.62%
2-Apr-15,125.32,125.03,125.56,124.19,32.22M,0.86%
1-Apr-15,124.25,124.82,125.12,123.1,40.62M,-0.14%
31-Mar-15,124.43,126.09,126.49,124.36,42.09M,-1.54%
30-Mar-15,126.37,124.05,126.4,124,47.10M,2.53%
27-Mar-15,123.25,124.57,124.7,122.91,39.55M,-0.80%
26-Mar-15,124.24,122.76,124.88,122.6,47.57M,0.70%
25-Mar-15,123.38,126.54,126.82,123.38,51.66M,-2.61%
24-Mar-15,126.69,127.23,128.04,126.56,32.84M,-0.41%
23-Mar-15,127.21,127.12,127.85,126.52,37.71M,1.04%
20-Mar-15,125.9,128.25,128.4,125.16,68.70M,-1.25%
19-Mar-15,127.5,128.75,129.25,127.4,45.81M,-0.76%
18-Mar-15,128.47,127,129.16,126.37,65.27M,1.13%
17-Mar-15,127.04,125.9,127.32,125.65,51.02M,1.67%
16-Mar-15,124.95,123.88,124.95,122.87,35.87M,1.10%
13-Mar-15,123.59,124.4,125.4,122.58,51.83M,-0.69%
12-Mar-15,124.45,122.31,124.9,121.63,48.36M,1.81%
11-Mar-15,122.24,124.75,124.77,122.11,68.94M,-1.82%
10-Mar-15,124.51,126.41,127.22,123.8,68.86M,-2.07%
9-Mar-15,127.14,127.96,129.57,125.06,88.53M,0.43%
6-Mar-15,126.6,128.4,129.37,126.26,72.84M,0.15%
5-Mar-15,126.41,128.58,128.75,125.76,56.52M,-1.66%
4-Mar-15,128.54,129.1,129.56,128.32,31.67M,-0.63%
3-Mar-15,129.36,128.96,129.52,128.09,37.82M,0.21%
2-Mar-15,129.09,129.25,130.28,128.3,48.10M,0.49%
27-Feb-15,128.46,130,130.57,128.24,62.01M,-1.50%
26-Feb-15,130.41,128.78,130.87,126.61,91.29M,1.26%
25-Feb-15,128.79,131.56,131.6,128.15,74.71M,-2.56%
24-Feb-15,132.17,132.94,133.6,131.17,69.23M,-0.62%
23-Feb-15,133,130.02,133,129.66,70.97M,2.70%
20-Feb-15,129.5,128.62,129.5,128.05,48.95M,0.82%
19-Feb-15,128.45,128.48,129.03,128.33,37.36M,-0.21%
18-Feb-15,128.72,127.62,128.78,127.45,44.89M,0.70%
17-Feb-15,127.83,127.49,128.88,126.92,63.15M,0.59%
13-Feb-15,127.08,127.28,127.28,125.65,54.27M,0.49%
12-Feb-15,126.46,126.06,127.48,125.57,74.47M,1.27%
11-Feb-15,124.88,122.77,124.92,122.5,73.56M,2.34%
10-Feb-15,122.02,120.17,122.15,120.16,62.01M,1.92%
9-Feb-15,119.72,118.55,119.84,118.43,38.89M,0.66%
6-Feb-15,118.93,120.02,120.25,118.45,43.71M,-0.84%
5-Feb-15,119.94,120.02,120.23,119.25,42.25M,0.32%
4-Feb-15,119.56,118.5,120.51,118.31,70.15M,0.77%
3-Feb-15,118.65,118.5,119.09,117.61,51.92M,0.02%
2-Feb-15,118.63,118.05,119.17,116.08,62.74M,1.25%
30-Jan-15,117.16,118.4,120,116.85,83.75M,-1.46%
29-Jan-15,118.9,116.32,119.19,115.56,84.44M,3.11%
28-Jan-15,115.31,117.62,118.12,115.31,146.48M,5.65%
27-Jan-15,109.14,112.42,112.48,109.03,95.57M,-3.50%
26-Jan-15,113.1,113.74,114.36,112.8,55.61M,0.11%
23-Jan-15,112.98,112.3,113.75,111.53,46.46M,0.52%
22-Jan-15,112.4,110.26,112.47,109.72,53.80M,2.60%
21-Jan-15,109.55,108.95,111.06,108.27,48.58M,0.76%
20-Jan-15,108.72,107.84,108.87,106.5,49.90M,2.58%
16-Jan-15,105.99,107.03,107.58,105.2,78.51M,-0.78%
15-Jan-15,106.82,110,110.06,106.66,60.01M,-2.71%
14-Jan-15,109.8,109.04,110.49,108.5,48.96M,-0.38%
13-Jan-15,110.22,111.43,112.8,108.91,67.09M,0.89%
12-Jan-15,109.25,112.6,112.63,108.8,49.65M,-2.46%
9-Jan-15,112.01,112.67,113.25,110.21,53.70M,0.11%
8-Jan-15,111.89,109.23,112.15,108.7,59.36M,3.84%
7-Jan-15,107.75,107.2,108.2,106.69,40.11M,1.40%
6-Jan-15,106.26,106.54,107.43,104.63,65.80M,0.01%
5-Jan-15,106.25,108.29,108.65,105.41,64.29M,-2.82%
2-Jan-15,109.33,111.39,111.44,107.35,53.20M,-0.95%
31-Dec-14,110.38,112.82,113.13,110.21,41.40M,-1.90%
30-Dec-14,112.52,113.64,113.92,112.11,29.88M,-1.22%
29-Dec-14,113.91,113.79,114.77,113.7,27.60M,-0.07%
26-Dec-14,113.99,112.1,114.52,112.01,33.72M,1.77%
24-Dec-14,112.01,112.58,112.71,112.01,14.48M,-0.47%
23-Dec-14,112.54,113.23,113.33,112.46,26.03M,-0.35%
22-Dec-14,112.94,112.16,113.49,111.97,45.17M,1.04%
19-Dec-14,111.78,112.26,113.24,111.66,88.43M,-0.77%
18-Dec-14,112.65,111.87,112.65,110.66,59.01M,2.96%
17-Dec-14,109.41,107.12,109.84,106.82,53.41M,2.49%
16-Dec-14,106.75,106.37,110.16,106.26,60.79M,-1.36%
15-Dec-14,108.22,110.7,111.6,106.35,67.22M,-1.38%
12-Dec-14,109.73,110.46,111.87,109.58,56.03M,-1.69%
11-Dec-14,111.62,112.26,113.8,111.34,41.47M,-0.29%
10-Dec-14,111.95,114.41,114.85,111.54,44.57M,-1.90%
9-Dec-14,114.12,110.19,114.3,109.35,60.21M,1.53%
8-Dec-14,112.4,114.1,114.65,111.62,57.66M,-2.26%
5-Dec-14,115,115.99,116.08,114.64,38.32M,-0.42%
4-Dec-14,115.49,115.77,117.2,115.29,42.16M,-0.38%
3-Dec-14,115.93,115.75,116.35,115.11,43.06M,1.13%
2-Dec-14,114.63,113.5,115.75,112.75,59.35M,-0.38%
1-Dec-14,115.07,118.81,119.25,111.27,83.81M,-3.25%
28-Nov-14,118.93,119.27,119.4,118.05,24.81M,-0.06%
26-Nov-14,119,117.94,119.1,117.83,40.83M,1.19%
25-Nov-14,117.6,119.07,119.75,117.45,68.84M,-0.86%
24-Nov-14,118.62,116.85,118.77,116.62,47.45M,1.85%
21-Nov-14,116.47,117.51,117.57,116.03,57.18M,0.14%
20-Nov-14,116.31,114.91,116.86,114.85,43.40M,1.43%
19-Nov-14,114.67,115.44,115.74,113.8,41.87M,-0.69%
18-Nov-14,115.47,113.94,115.69,113.89,44.22M,1.30%
17-Nov-14,113.99,114.27,117.28,113.3,46.75M,-0.17%
14-Nov-14,114.18,113.15,114.19,113.05,44.06M,1.21%
13-Nov-14,112.82,111.8,113.45,111.6,59.52M,1.41%
12-Nov-14,111.25,109.38,111.43,109.37,46.94M,1.41%
11-Nov-14,109.7,108.7,109.75,108.4,27.44M,0.80%
10-Nov-14,108.83,109.02,109.33,108.67,27.20M,-0.17%
7-Nov-14,109.01,108.75,109.32,108.55,33.69M,0.29%
6-Nov-14,108.7,108.6,108.79,107.8,34.97M,-0.15%
5-Nov-14,108.86,109.1,109.3,108.12,37.44M,0.24%
4-Nov-14,108.6,109.36,109.49,107.72,41.57M,-0.73%
3-Nov-14,109.4,108.22,110.3,108.01,52.28M,1.30%
31-Oct-14,108,108.01,108.04,107.21,44.64M,0.95%
30-Oct-14,106.98,106.96,107.35,105.9,40.65M,-0.34%
29-Oct-14,107.34,106.65,107.37,106.36,52.69M,0.56%
28-Oct-14,106.74,105.4,106.74,105.35,48.06M,1.55%
27-Oct-14,105.11,104.85,105.48,104.7,34.19M,-0.10%
24-Oct-14,105.22,105.18,105.49,104.53,47.05M,0.37%
23-Oct-14,104.83,104.08,105.05,103.63,71.07M,1.79%
22-Oct-14,102.99,102.84,104.11,102.6,68.26M,0.51%
21-Oct-14,102.47,103.02,103.02,101.27,94.62M,2.72%
20-Oct-14,99.76,98.31,99.96,98.22,77.52M,2.14%
17-Oct-14,97.67,97.5,99,96.81,68.18M,1.46%
16-Oct-14,96.26,95.55,97.72,95.41,72.15M,-1.31%
15-Oct-14,97.54,97.97,99.15,95.18,100.93M,-1.23%
14-Oct-14,98.75,100.39,100.52,98.57,63.69M,-1.06%
13-Oct-14,99.81,101.33,101.78,99.81,53.58M,-0.91%
10-Oct-14,100.73,100.69,102.03,100.3,66.33M,-0.29%
9-Oct-14,101.02,101.54,102.38,100.61,77.38M,0.22%
8-Oct-14,100.8,98.76,101.11,98.31,57.40M,2.08%
7-Oct-14,98.75,99.43,100.12,98.73,42.09M,-0.87%
6-Oct-14,99.62,99.95,100.65,99.42,37.05M,0.00%
3-Oct-14,99.62,99.44,100.21,99.04,43.47M,-0.28%
2-Oct-14,99.9,99.27,100.22,98.04,47.76M,0.73%
1-Oct-14,99.18,100.59,100.69,98.7,51.49M,-1.56%
30-Sep-14,100.75,100.81,101.54,100.53,55.26M,0.64%
29-Sep-14,100.11,98.65,100.44,98.63,49.77M,-0.64%
26-Sep-14,100.75,98.53,100.75,98.4,62.37M,2.94%
25-Sep-14,97.87,100.51,100.71,97.72,100.09M,-3.81%
24-Sep-14,101.75,102.16,102.85,101.2,60.17M,-0.87%
23-Sep-14,102.64,100.6,102.94,100.54,63.40M,1.56%
22-Sep-14,101.06,101.8,102.14,100.58,52.79M,0.10%
19-Sep-14,100.96,102.29,102.35,100.5,70.90M,-0.82%
18-Sep-14,101.79,101.93,102.35,101.56,37.30M,0.21%
17-Sep-14,101.58,101.27,101.8,100.59,60.93M,0.71%
16-Sep-14,100.86,99.8,101.26,98.89,66.91M,-0.76%
15-Sep-14,101.63,102.81,103.05,101.44,61.32M,-0.03%
12-Sep-14,101.66,101.21,102.19,101.08,64.10M,0.23%
11-Sep-14,101.43,100.41,101.44,99.62,62.40M,0.43%
10-Sep-14,101,98.01,101.11,97.76,100.87M,3.07%
9-Sep-14,97.99,99.08,103.08,96.14,189.85M,-0.38%
8-Sep-14,98.36,99.3,99.31,98.05,46.36M,-0.62%
5-Sep-14,98.97,98.8,99.39,98.31,58.46M,0.87%
4-Sep-14,98.12,98.85,100.09,97.79,85.72M,-0.83%
3-Sep-14,98.94,103.1,103.2,98.58,125.42M,-4.22%
2-Sep-14,103.3,103.06,103.74,102.72,53.56M,0.78%
29-Aug-14,102.5,102.86,102.9,102.2,44.60M,0.24%
28-Aug-14,102.25,101.59,102.78,101.56,68.46M,0.12%
27-Aug-14,102.13,101.02,102.57,100.7,52.37M,1.23%
26-Aug-14,100.89,101.42,101.5,100.86,33.15M,-0.64%
25-Aug-14,101.54,101.79,102.17,101.28,40.27M,0.22%
22-Aug-14,101.32,100.29,101.47,100.19,44.18M,0.74%
21-Aug-14,100.58,100.57,100.94,100.11,33.48M,0.01%
20-Aug-14,100.57,100.44,101.09,99.95,52.70M,0.04%
19-Aug-14,100.53,99.41,100.68,99.32,69.40M,1.38%
18-Aug-14,99.16,98.49,99.37,97.98,47.57M,1.20%
15-Aug-14,97.98,97.9,98.19,96.86,48.95M,0.49%
14-Aug-14,97.5,97.33,97.57,96.8,28.12M,0.27%
13-Aug-14,97.24,96.15,97.24,96.04,31.92M,1.32%
12-Aug-14,95.97,96.04,96.88,95.61,33.80M,-0.02%
11-Aug-14,95.99,95.27,96.08,94.84,36.58M,1.32%
8-Aug-14,94.74,94.26,94.82,93.28,41.87M,0.28%
7-Aug-14,94.48,94.93,95.95,94.1,46.71M,-0.51%
6-Aug-14,94.96,94.75,95.48,94.71,38.56M,-0.17%
5-Aug-14,95.12,95.36,95.68,94.36,55.93M,-0.49%
4-Aug-14,95.59,96.37,96.58,95.17,39.96M,-0.56%
1-Aug-14,96.13,94.9,96.62,94.81,48.51M,0.55%
31-Jul-14,95.6,97.16,97.45,95.33,56.84M,-2.60%
30-Jul-14,98.15,98.44,98.7,97.67,33.01M,-0.23%
29-Jul-14,98.38,99.33,99.44,98.25,43.14M,-0.65%
28-Jul-14,99.02,97.82,99.24,97.55,55.32M,1.38%
25-Jul-14,97.67,96.85,97.84,96.64,43.47M,0.66%
24-Jul-14,97.03,97.03,97.32,96.42,45.73M,-0.16%
23-Jul-14,97.19,95.42,97.88,95.17,92.92M,2.61%
22-Jul-14,94.72,94.68,94.89,94.12,55.20M,0.83%
21-Jul-14,93.94,94.99,95,93.72,39.08M,-0.52%
18-Jul-14,94.43,93.62,94.74,93.02,49.99M,1.44%
17-Jul-14,93.09,95.03,95.28,92.57,57.30M,-1.78%
16-Jul-14,94.78,96.97,97.1,94.74,53.50M,-0.57%
15-Jul-14,95.32,96.8,96.85,95.03,45.70M,-1.17%
14-Jul-14,96.45,95.86,96.89,95.65,42.81M,1.29%
11-Jul-14,95.22,95.36,95.89,94.86,34.02M,0.20%
10-Jul-14,95.03,93.76,95.55,93.52,39.69M,-0.38%
9-Jul-14,95.39,95.44,95.95,94.76,36.44M,0.04%
8-Jul-14,95.35,96.27,96.8,93.92,65.22M,-0.65%
7-Jul-14,95.97,94.14,95.99,94.1,56.47M,2.06%
3-Jul-14,94.03,93.67,94.1,93.2,22.89M,0.59%
2-Jul-14,93.48,93.86,94.06,93.09,28.47M,-0.04%
1-Jul-14,93.52,93.52,94.07,93.13,38.22M,0.63%
30-Jun-14,92.93,92.1,93.72,92.09,49.59M,1.03%
27-Jun-14,91.98,90.82,92,90.77,64.03M,1.19%
26-Jun-14,90.9,90.37,91.05,89.8,32.63M,0.60%
25-Jun-14,90.36,90.21,90.7,89.65,36.87M,0.09%
24-Jun-14,90.28,90.75,91.74,90.19,39.04M,-0.61%
23-Jun-14,90.83,91.32,91.62,90.6,43.69M,-0.09%
20-Jun-14,90.91,91.85,92.55,90.9,100.90M,-1.03%
19-Jun-14,91.86,92.29,92.3,91.34,35.53M,-0.35%
18-Jun-14,92.18,92.27,92.29,91.35,33.51M,0.11%
17-Jun-14,92.08,92.31,92.7,91.8,29.73M,-0.13%
16-Jun-14,92.2,91.51,92.75,91.45,35.56M,1.01%
13-Jun-14,91.28,92.2,92.44,90.88,54.53M,-1.09%
12-Jun-14,92.29,94.04,94.12,91.9,54.75M,-1.67%
11-Jun-14,93.86,94.13,94.76,93.47,45.68M,-0.41%
10-Jun-14,94.25,94.73,95.05,93.57,62.78M,0.59%
9-Jun-14,93.7,92.7,93.88,91.75,75.41M,1.60%
6-Jun-14,92.22,92.84,93.04,92.07,87.62M,-0.28%
5-Jun-14,92.48,92.31,92.77,91.8,75.95M,0.39%
4-Jun-14,92.12,91.06,92.56,90.87,83.87M,1.14%
3-Jun-14,91.08,89.78,91.25,89.75,73.23M,1.41%
2-Jun-14,89.81,90.57,90.69,88.93,92.34M,-0.69%
30-May-14,90.43,91.14,92.02,89.84,141.01M,-0.37%
29-May-14,90.77,89.69,90.98,89.68,94.12M,1.83%
28-May-14,89.14,89.43,89.98,89.11,78.92M,-0.27%
27-May-14,89.38,87.98,89.41,87.95,87.22M,1.88%
23-May-14,87.73,86.75,87.82,86.64,58.05M,1.13%
22-May-14,86.75,86.66,87.12,86.3,50.22M,0.15%
21-May-14,86.62,86.26,86.67,86.01,49.25M,0.27%
20-May-14,86.39,86.36,86.63,85.82,58.71M,0.02%
19-May-14,86.37,85.41,86.76,85.33,79.44M,1.18%
16-May-14,85.36,84.09,85.36,83.63,69.09M,1.47%
15-May-14,84.12,84.96,85.23,84.01,57.71M,-0.85%
14-May-14,84.84,84.63,85.34,84.53,41.60M,0.02%
13-May-14,84.82,84.57,84.93,84.39,39.93M,0.15%
12-May-14,84.69,83.93,84.81,83.91,53.32M,1.24%
9-May-14,83.65,83.51,83.75,82.9,72.90M,-0.42%
8-May-14,84,84.04,84.92,83.77,57.57M,-0.73%
7-May-14,84.62,85.04,85.33,83.96,70.72M,-0.35%
6-May-14,84.92,85.97,86.34,84.92,93.64M,-1.08%
5-May-14,85.85,84.31,85.86,84.29,71.77M,1.42%
2-May-14,84.65,84.62,84.89,84.24,47.88M,0.18%
1-May-14,84.5,84.57,84.97,83.77,61.05M,0.24%
30-Apr-14,84.3,84.66,85.63,84.26,114.22M,-0.38%
29-Apr-14,84.62,84.82,85.14,84.22,84.34M,-0.29%
28-Apr-14,84.87,81.83,85.11,81.79,167.37M,3.87%
25-Apr-14,81.71,80.65,81.71,80.57,97.57M,0.74%
24-Apr-14,81.11,81.17,81.43,80.1,189.98M,8.20%
23-Apr-14,74.96,75.58,75.88,74.92,98.74M,-1.32%
22-Apr-14,75.96,75.47,75.98,75.21,50.66M,0.11%
21-Apr-14,75.88,75.05,76.02,74.85,45.67M,1.19%
17-Apr-14,74.99,74.29,75.39,74.17,71.11M,1.15%
16-Apr-14,74.14,74.01,74.44,73.45,53.73M,0.20%
15-Apr-14,73.99,74.32,74.52,73.05,66.62M,-0.72%
14-Apr-14,74.53,74.56,74.59,73.89,51.45M,0.40%
11-Apr-14,74.23,74.14,74.69,73.88,67.98M,-0.74%
10-Apr-14,74.78,75.81,76.03,74.74,59.91M,-1.29%
9-Apr-14,75.76,74.66,75.78,74.57,51.54M,1.31%
8-Apr-14,74.78,75.03,75.16,74.1,60.97M,0.00%
7-Apr-14,74.78,75.43,75.84,74.56,72.46M,-1.57%
4-Apr-14,75.97,77.12,77.14,75.8,68.81M,-1.30%
3-Apr-14,76.97,77.34,77.5,76.81,40.65M,-0.70%
2-Apr-14,77.51,77.48,77.64,77.18,45.10M,0.17%
1-Apr-14,77.38,76.82,77.41,76.68,50.19M,0.91%
31-Mar-14,76.68,77.03,77.26,76.56,42.17M,-0.01%
28-Mar-14,76.69,76.9,76.99,76.32,50.14M,-0.12%
27-Mar-14,76.78,77.14,77.36,76.45,55.51M,-0.43%
26-Mar-14,77.11,78.07,78.43,76.98,74.94M,-0.96%
25-Mar-14,77.86,77.36,77.96,77.08,70.57M,1.08%
24-Mar-14,77.03,76.92,77.21,76.44,88.92M,1.20%
21-Mar-14,76.12,75.99,76.25,75.19,93.61M,0.78%
20-Mar-14,75.53,75.7,76.1,75.34,52.10M,-0.47%
19-Mar-14,75.89,76.04,76.61,75.57,56.19M,-0.03%
18-Mar-14,75.91,75.13,76,75.03,52.41M,0.88%
17-Mar-14,75.25,75.39,75.71,75.12,49.89M,0.39%
14-Mar-14,74.96,75.54,75.84,74.71,59.30M,-1.12%
13-Mar-14,75.81,76.78,77.09,75.59,64.44M,-1.11%
12-Mar-14,76.66,76.36,76.76,76,50.20M,0.10%
11-Mar-14,76.58,76.49,76.96,76.08,70.20M,0.96%
10-Mar-14,75.85,75.48,76.19,75.48,44.69M,0.09%
7-Mar-14,75.78,75.87,76,75.15,55.42M,-0.05%
6-Mar-14,75.82,76.11,76.35,75.44,46.42M,-0.30%
5-Mar-14,76.05,75.85,76.39,75.59,50.07M,0.21%
4-Mar-14,75.89,75.86,76.09,75.4,64.88M,0.66%
3-Mar-14,75.39,74.77,75.81,74.69,59.78M,0.28%
28-Feb-14,75.18,75.58,76.11,74.59,93.07M,-0.27%
27-Feb-14,75.38,73.88,75.54,73.72,75.56M,1.99%
26-Feb-14,73.91,74.8,75,73.66,69.13M,-0.90%
25-Feb-14,74.58,75.63,75.65,74.43,58.25M,-1.04%
24-Feb-14,75.36,74.74,75.7,74.63,72.37M,0.43%
21-Feb-14,75.04,76.11,76.37,74.94,69.76M,-1.11%
20-Feb-14,75.88,76.14,76.71,75.57,76.53M,-1.16%
19-Feb-14,76.77,77.82,78.13,76.34,78.55M,-1.58%
18-Feb-14,78,78,78.74,77.94,65.31M,0.37%
14-Feb-14,77.71,77.5,78,77.32,68.47M,-0.09%
13-Feb-14,77.78,76.38,77.84,76.31,76.96M,1.59%
12-Feb-14,76.56,76.71,77.08,76.18,77.13M,-0.01%
11-Feb-14,76.57,75.8,76.82,75.64,70.67M,1.32%
10-Feb-14,75.57,74.09,76,74,86.45M,1.79%
7-Feb-14,74.24,74.48,74.7,73.91,93.64M,1.39%
6-Feb-14,73.22,72.87,73.36,72.54,64.50M,-0.01%
5-Feb-14,73.23,72.37,73.61,72.32,82.32M,0.76%
4-Feb-14,72.68,72.26,72.78,71.82,94.27M,1.44%
3-Feb-14,71.65,71.8,72.53,71.33,100.62M,0.20%
31-Jan-14,71.51,70.74,71.65,70.51,116.34M,0.15%
30-Jan-14,71.4,71.79,72.36,70.96,169.76M,-0.20%
29-Jan-14,71.54,71.99,72.48,71.23,125.94M,-1.13%
28-Jan-14,72.36,72.68,73.57,71.72,266.83M,-7.99%
27-Jan-14,78.64,78.58,79.26,77.96,144.22M,0.81%
24-Jan-14,78.01,79.14,79.37,77.82,108.38M,-1.81%
23-Jan-14,79.45,78.56,79.5,77.83,100.98M,0.84%
22-Jan-14,78.79,78.7,79.61,78.26,95.22M,0.45%
21-Jan-14,78.44,77.28,78.58,77.2,82.26M,1.55%
17-Jan-14,77.24,78.78,78.87,77.13,108.43M,-2.45%
16-Jan-14,79.18,79.27,79.55,78.81,57.47M,-0.55%
15-Jan-14,79.62,79.07,80.03,78.81,98.47M,2.00%
14-Jan-14,78.06,76.89,78.1,76.81,83.73M,2.00%
13-Jan-14,76.53,75.7,77.5,75.7,94.86M,0.53%
10-Jan-14,76.13,77.12,77.26,75.87,76.32M,-0.68%
9-Jan-14,76.65,78.11,78.12,76.48,69.91M,-1.28%
8-Jan-14,77.64,76.97,77.94,76.96,64.69M,0.64%
7-Jan-14,77.15,77.76,77.99,76.85,79.43M,-0.71%
6-Jan-14,77.7,76.78,78.11,76.23,103.36M,0.54%
3-Jan-14,77.28,78.98,79.1,77.2,98.30M,-2.20%
2-Jan-14,79.02,79.38,79.58,78.86,58.79M,-1.41%
31-Dec-13,80.15,79.17,80.18,79.14,55.82M,1.17%
30-Dec-13,79.22,79.64,80.01,78.9,63.41M,-0.99%
27-Dec-13,80.01,80.55,80.63,79.93,56.47M,-0.68%
26-Dec-13,80.56,81.16,81.36,80.48,51.00M,-0.67%
24-Dec-13,81.1,81.41,81.7,80.86,41.89M,-0.42%
23-Dec-13,81.44,81.14,81.53,80.39,125.33M,3.84%
20-Dec-13,78.43,77.92,78.8,77.83,109.10M,0.84%
19-Dec-13,77.78,78.5,78.57,77.68,80.24M,-1.14%
18-Dec-13,78.68,78.53,78.78,76.97,141.47M,-0.76%
17-Dec-13,79.28,79.4,79.92,79.05,57.48M,-0.45%
16-Dec-13,79.64,79.29,80.38,79.29,70.65M,0.56%
13-Dec-13,79.2,80.41,80.41,79.1,83.21M,-1.10%
12-Dec-13,80.08,80.31,80.76,80,65.57M,-0.14%
11-Dec-13,80.19,81,81.57,79.96,89.93M,-0.74%
10-Dec-13,80.79,80.51,81.13,80.17,69.57M,-0.16%
9-Dec-13,80.92,80.13,81.37,80.13,80.12M,1.15%
6-Dec-13,80,80.83,80.96,79.94,86.09M,-1.39%
5-Dec-13,81.13,81.81,82.16,80.92,111.90M,0.52%
4-Dec-13,80.71,80.79,81.31,80.12,94.45M,-0.23%
3-Dec-13,80.9,79.76,80.91,79.67,112.74M,2.73%
2-Dec-13,78.75,79.71,80.62,78.69,118.14M,-0.87%
29-Nov-13,79.44,78.5,79.76,78.26,79.53M,1.86%
27-Nov-13,77.99,76.62,78,76.2,90.86M,2.35%
26-Nov-13,76.2,74.87,76.59,74.86,100.35M,1.84%
25-Nov-13,74.82,74.43,75.12,74.43,57.35M,0.75%
22-Nov-13,74.26,74.22,74.59,74.08,55.93M,-0.26%
21-Nov-13,74.45,73.94,74.46,73.38,65.51M,1.20%
20-Nov-13,73.57,74.18,74.35,73.48,48.55M,-0.88%
19-Nov-13,74.22,74.15,74.77,74,52.23M,0.18%
18-Nov-13,74.09,75,75.31,74.03,61.24M,-1.21%
15-Nov-13,75,75.23,75.58,74.93,79.48M,-0.60%
14-Nov-13,75.45,74.69,75.61,74.55,70.61M,1.44%
13-Nov-13,74.38,74,74.61,73.85,49.30M,0.12%
12-Nov-13,74.29,73.95,74.85,73.86,51.11M,0.19%
11-Nov-13,74.15,74.28,74.52,73.49,56.86M,-0.30%
8-Nov-13,74.37,73.51,74.45,73.23,69.83M,1.58%
7-Nov-13,73.21,74.23,74.74,73.2,65.66M,-1.63%
6-Nov-13,74.42,74.88,74.98,74.03,55.84M,-0.85%
5-Nov-13,75.06,74.94,75.55,74.71,66.37M,-0.25%
4-Nov-13,75.25,74.44,75.26,74.12,61.16M,1.29%
1-Nov-13,74.29,74.86,74.97,73.69,68.72M,-0.51%
31-Oct-13,74.67,75,75.36,74.47,68.92M,-0.43%
30-Oct-13,74.99,74.23,75.36,73.86,88.54M,1.60%
29-Oct-13,73.81,76.61,77.04,73.51,158.95M,-2.50%
28-Oct-13,75.7,75.58,75.86,74.74,137.61M,0.75%
25-Oct-13,75.14,75.9,76.18,75.02,84.45M,-1.12%
24-Oct-13,75.99,75,76.07,74.64,96.19M,1.33%
23-Oct-13,74.99,74.14,75.1,74.14,78.43M,0.97%
22-Oct-13,74.27,75.2,75.49,72.58,133.52M,-0.28%
21-Oct-13,74.48,73.11,74.9,73.07,99.53M,2.45%
18-Oct-13,72.7,72.28,72.75,72.24,72.64M,0.87%
17-Oct-13,72.07,71.43,72.11,71.38,63.40M,0.67%
16-Oct-13,71.59,71.54,71.79,71.32,62.78M,0.49%
15-Oct-13,71.24,71.07,71.71,70.79,80.02M,0.54%
14-Oct-13,70.86,69.98,71.08,69.91,65.47M,0.65%
11-Oct-13,70.4,69.57,70.55,69.31,66.94M,0.64%
10-Oct-13,69.95,70.19,70.34,69.58,69.65M,0.63%
9-Oct-13,69.51,69.23,69.68,68.33,75.43M,1.16%
8-Oct-13,68.71,69.99,70.09,68.65,72.73M,-1.39%
7-Oct-13,69.68,69.51,70.38,69.34,78.07M,0.99%
4-Oct-13,69,69.12,69.23,68.37,64.72M,-0.09%
3-Oct-13,69.06,70.07,70.34,68.68,80.69M,-1.26%
2-Oct-13,69.94,69.38,70.26,69.11,72.30M,0.33%
1-Oct-13,69.71,68.35,69.88,68.34,88.47M,2.35%
30-Sep-13,68.11,68.18,68.81,67.77,65.04M,-1.23%
27-Sep-13,68.96,69.11,69.24,68.67,57.01M,-0.72%
26-Sep-13,69.46,69.43,69.79,69.13,59.31M,0.97%
25-Sep-13,68.79,69.89,69.95,68.78,79.24M,-1.55%
24-Sep-13,69.87,70.7,70.78,69.69,91.09M,-0.31%
23-Sep-13,70.09,70.87,70.99,68.94,190.53M,4.97%
20-Sep-13,66.77,68.29,68.36,66.57,174.83M,-1.04%
19-Sep-13,67.47,67.24,67.98,67.04,101.13M,1.64%
18-Sep-13,66.38,66.17,66.62,65.81,114.22M,2.04%
17-Sep-13,65.05,63.99,65.67,63.93,99.84M,1.17%
16-Sep-13,64.3,65.86,65.94,63.89,137.14M,-3.18%
13-Sep-13,66.41,67.05,67.4,66.39,74.71M,-1.66%
12-Sep-13,67.53,66.93,67.91,66.57,101.01M,1.06%
11-Sep-13,66.82,66.72,67.67,66.4,224.67M,-5.43%
10-Sep-13,70.66,72.31,72.49,69.93,185.80M,-2.28%
9-Sep-13,72.31,72.14,72.56,71.93,85.17M,1.60%
6-Sep-13,71.17,71.21,71.34,69.99,89.88M,0.59%
5-Sep-13,70.75,71.46,71.53,70.52,59.09M,-0.69%
4-Sep-13,71.24,71.37,71.75,70.9,86.26M,2.06%
3-Sep-13,69.8,70.44,71.51,69.62,83.03M,0.29%
30-Aug-13,69.6,70.29,70.42,69.5,68.10M,-0.91%
29-Aug-13,70.24,70.24,70.93,70.16,59.91M,0.16%
28-Aug-13,70.13,69.43,70.83,69.43,76.90M,0.47%
27-Aug-13,69.8,71.14,71.79,69.47,106.05M,-2.85%
26-Aug-13,71.85,71.54,72.89,71.5,82.74M,0.39%
23-Aug-13,71.57,71.9,71.91,71.34,55.68M,-0.39%
22-Aug-13,71.85,72.14,72.23,71.17,61.05M,0.11%
21-Aug-13,71.77,71.94,72.45,71.6,83.97M,0.27%
20-Aug-13,71.58,72.82,72.94,71.55,89.67M,-1.31%
19-Aug-13,72.53,72.05,73.39,72,127.63M,1.07%
16-Aug-13,71.76,71.45,71.85,71.27,90.58M,0.89%
15-Aug-13,71.13,70.92,71.77,69.87,122.57M,-0.11%
14-Aug-13,71.21,71.13,72.04,70.49,189.09M,1.82%
13-Aug-13,69.94,67.28,70.67,66.86,220.49M,4.75%
12-Aug-13,66.77,65.27,66.95,65.23,91.11M,2.85%
9-Aug-13,64.92,65.52,65.78,64.81,66.91M,-1.43%
8-Aug-13,65.86,66.26,66.3,65.42,64.00M,-0.86%
7-Aug-13,66.43,66.26,66.71,65.97,74.71M,-0.05%
6-Aug-13,66.46,66.86,67.41,66.02,83.73M,-0.89%
5-Aug-13,67.06,66.38,67.24,66.02,79.71M,1.48%
2-Aug-13,66.08,65.43,66.12,65.24,68.70M,1.29%
1-Aug-13,65.24,65.11,65.26,64.75,51.56M,0.91%
31-Jul-13,64.65,65,65.33,64.2,80.74M,-0.17%
30-Jul-13,64.76,64.28,65.31,64.18,77.36M,1.23%
29-Jul-13,63.97,62.97,64.28,62.89,62.11M,1.54%
26-Jul-13,63,62.19,63.01,62.05,50.07M,0.57%
25-Jul-13,62.64,62.96,63.06,62.26,57.42M,-0.46%
24-Jul-13,62.93,62.7,63.51,62.18,148.01M,5.13%
23-Jul-13,59.86,60.86,60.99,59.82,92.35M,-1.71%
22-Jul-13,60.9,61.35,61.39,60.78,52.00M,0.31%
19-Jul-13,60.71,61.87,62,60.62,67.19M,-1.57%
18-Jul-13,61.68,61.91,62.12,61.52,54.76M,0.34%
17-Jul-13,61.47,61.39,61.75,61.17,49.76M,0.02%
16-Jul-13,61.46,60.93,61.53,60.6,54.13M,0.66%
15-Jul-13,61.06,60.72,61.64,60.69,60.54M,0.21%
12-Jul-13,60.93,61.09,61.4,60.49,69.91M,-0.18%
11-Jul-13,61.04,60.42,61.18,60.17,81.62M,1.56%
10-Jul-13,60.1,59.94,60.69,59.75,70.35M,-0.40%
9-Jul-13,60.34,59.09,60.5,58.63,88.17M,1.77%
8-Jul-13,59.29,60.02,60.14,58.66,74.58M,-0.57%
5-Jul-13,59.63,60.06,60.47,59.34,68.52M,-0.80%
3-Jul-13,60.11,60.12,60.43,59.64,60.23M,0.55%
2-Jul-13,59.78,58.57,60.23,58.5,117.52M,2.26%
1-Jul-13,58.46,57.53,58.9,57.32,97.79M,3.20%
28-Jun-13,56.65,55.91,57.18,55.55,144.66M,0.71%
27-Jun-13,56.25,57.04,57.34,56.22,84.35M,-1.09%
26-Jun-13,56.87,57.7,57.83,56.52,91.99M,-1.13%
25-Jun-13,57.52,57.96,58.26,56.98,78.58M,0.02%
24-Jun-13,57.51,58.2,58.38,56.86,120.19M,-2.64%
21-Jun-13,59.07,59.78,60,58.3,120.31M,-0.81%
20-Jun-13,59.55,59.9,60.85,59.31,89.37M,-1.46%
19-Jun-13,60.43,61.63,61.67,60.43,77.76M,-2.03%
18-Jun-13,61.68,61.65,62.13,61.46,48.79M,-0.05%
17-Jun-13,61.71,61.63,62.24,61.48,64.86M,0.44%
14-Jun-13,61.44,62.2,62.33,61.21,68.02M,-1.35%
13-Jun-13,62.28,61.79,62.45,61.25,71.53M,0.87%
12-Jun-13,61.74,62.79,63.04,61.64,66.36M,-1.23%
11-Jun-13,62.51,62.25,63.25,61.9,71.60M,-0.30%
10-Jun-13,62.7,63.53,64.15,62.4,112.59M,-0.67%
7-Jun-13,63.12,62.36,63.32,61.82,101.19M,0.77%
6-Jun-13,62.64,63.64,63.86,62.01,104.27M,-1.49%
5-Jun-13,63.59,63.66,64.39,63.39,72.65M,-0.93%
4-Jun-13,64.19,64.75,64.92,63.91,73.18M,-0.31%
3-Jun-13,64.39,64.39,64.62,63.21,93.09M,0.22%
31-May-13,64.25,64.64,65.3,64.21,96.08M,-0.40%
30-May-13,64.51,63.66,64.93,63.5,88.43M,1.49%
29-May-13,63.56,62.86,63.93,62.77,82.70M,0.79%
28-May-13,63.06,64.27,64.44,62.98,96.54M,-0.83%
24-May-13,63.59,62.98,63.67,62.91,69.11M,0.68%
23-May-13,63.16,62.28,63.74,62.26,88.35M,0.17%
22-May-13,63.05,63.44,64.05,62.6,110.81M,0.38%
21-May-13,62.81,62.59,63.64,62.03,114.07M,-0.74%
20-May-13,63.28,61.7,63.69,61.44,112.89M,2.25%
17-May-13,61.89,62.72,62.87,61.57,107.02M,-0.31%
16-May-13,62.08,60.46,62.55,59.84,150.87M,1.34%
15-May-13,61.26,62.74,63,60.34,185.40M,-3.39%
14-May-13,63.41,64.84,65.03,63.16,111.78M,-2.39%
13-May-13,64.96,64.5,65.41,64.5,79.28M,0.39%
10-May-13,64.71,65.42,65.67,64.35,83.71M,-0.83%
9-May-13,65.25,65.69,66.14,65.08,99.69M,-1.52%
8-May-13,66.26,65.58,66.48,65.12,118.15M,1.13%
7-May-13,65.52,66.42,66.54,64.81,120.94M,-0.46%
6-May-13,65.82,65.1,66.03,64.9,124.16M,2.40%
3-May-13,64.28,64.47,64.75,64.16,90.38M,0.99%
2-May-13,63.65,63.11,64.08,62.95,105.51M,1.42%
1-May-13,62.76,63.49,63.56,62.06,126.79M,-0.77%
30-Apr-13,63.25,62.16,63.61,61.72,172.88M,2.93%
29-Apr-13,61.45,60.06,61.95,60,160.08M,3.10%
26-Apr-13,59.6,58.54,59.82,58.32,191.07M,2.16%
25-Apr-13,58.34,58.75,59.13,58.14,96.21M,0.73%
24-Apr-13,57.92,56.22,59.32,56.07,242.46M,-0.17%
23-Apr-13,58.02,57.71,58.34,56.97,166.06M,1.88%
22-Apr-13,56.95,56.09,57.46,55.9,107.48M,2.08%
19-Apr-13,55.79,55.42,57.09,55.01,152.32M,-0.39%
18-Apr-13,56.01,57.86,57.97,55.68,166.57M,-2.66%
17-Apr-13,57.54,60.04,60.09,56.87,236.26M,-5.50%
16-Apr-13,60.89,60.22,60.94,60.08,76.44M,1.52%
15-Apr-13,59.98,61,61.13,59.94,79.38M,-2.31%
12-Apr-13,61.4,62.02,62.02,61.3,59.68M,-1.05%
11-Apr-13,62.05,61.96,62.57,61.6,82.15M,-0.31%
10-Apr-13,62.24,61.16,62.44,60.86,93.98M,2.03%
9-Apr-13,61,60.91,61.21,60.39,76.69M,0.18%
8-Apr-13,60.89,60.69,61.07,60.36,75.26M,0.71%
5-Apr-13,60.46,60.64,60.71,59.95,95.92M,-1.05%
4-Apr-13,61.1,61.97,62.14,60.75,89.66M,-0.99%
3-Apr-13,61.71,61.62,62.47,61.47,90.80M,0.50%
2-Apr-13,61.4,61.09,62.59,60.91,132.44M,0.21%
1-Apr-13,61.27,63.13,63.39,61.11,97.43M,-3.12%
28-Mar-13,63.24,64.26,64.55,63.09,110.75M,-2.07%
27-Mar-13,64.58,65.21,65.26,64.39,82.85M,-1.97%
26-Mar-13,65.88,66.49,66.55,65.79,73.57M,-0.53%
25-Mar-13,66.23,66.38,67.14,65.97,125.28M,0.36%
22-Mar-13,65.99,64.94,66.01,64.73,98.78M,2.03%
21-Mar-13,64.68,64.32,65.43,64.3,95.81M,0.15%
20-Mar-13,64.58,65.35,65.38,64.23,77.17M,-0.54%
19-Mar-13,64.93,65.64,65.85,64.07,131.69M,-0.26%
18-Mar-13,65.1,63.06,65.35,63.03,151.55M,2.71%
15-Mar-13,63.38,62.56,63.46,62.46,160.99M,2.57%
14-Mar-13,61.79,61.83,62.09,61.49,75.97M,0.98%
13-Mar-13,61.19,61.21,62.07,60.77,101.45M,-0.02%
12-Mar-13,61.2,62.23,62.7,61.08,116.48M,-2.16%
11-Mar-13,62.55,61.39,62.72,60.73,118.56M,1.43%
8-Mar-13,61.67,61.4,62.2,61.23,97.90M,0.26%
7-Mar-13,61.51,60.64,61.72,60.15,117.12M,1.15%
6-Mar-13,60.81,62.07,62.18,60.63,115.06M,-1.27%
5-Mar-13,61.59,60.21,62.17,60.11,159.61M,2.63%
4-Mar-13,60.01,61.11,61.17,59.86,145.68M,-2.42%
1-Mar-13,61.5,62.57,62.6,61.43,138.11M,-2.47%
28-Feb-13,63.06,63.44,63.98,63.06,80.63M,-0.71%
27-Feb-13,63.51,64.06,64.63,62.95,146.84M,-0.98%
26-Feb-13,64.14,63.4,64.51,62.52,125.37M,1.39%
25-Feb-13,63.26,64.84,65.02,63.22,93.14M,-1.77%
22-Feb-13,64.4,64.18,64.51,63.8,82.66M,1.07%
21-Feb-13,63.72,63.71,64.17,63.26,111.80M,-0.62%
20-Feb-13,64.12,65.38,65.38,64.11,119.08M,-2.42%
19-Feb-13,65.71,65.87,66.1,64.84,108.94M,-0.05%
15-Feb-13,65.74,66.98,67.17,65.7,97.98M,-1.38%
14-Feb-13,66.66,66.36,67.38,66.29,88.88M,-0.09%
13-Feb-13,66.72,66.74,67.66,66.17,118.80M,-0.18%
12-Feb-13,66.84,68.5,68.91,66.82,152.26M,-2.51%
11-Feb-13,68.56,68.07,69.28,67.61,129.36M,1.05%
8-Feb-13,67.85,67.71,68.4,66.89,158.29M,1.44%
7-Feb-13,66.89,66.18,67.14,64.87,176.15M,2.37%
6-Feb-13,65.34,65.21,66.64,64.65,148.43M,-0.11%
5-Feb-13,65.41,63.44,65.68,63.17,143.34M,3.51%
4-Feb-13,63.19,64.84,65.13,63.14,119.28M,-2.48%
1-Feb-13,64.8,65.59,65.64,64.05,134.87M,-0.41%
31-Jan-13,65.07,65.28,65.61,65,79.83M,-0.29%
30-Jan-13,65.26,65.29,66.09,64.93,104.29M,-0.32%
29-Jan-13,65.47,65.5,65.74,64.59,142.77M,1.88%
28-Jan-13,64.26,62.55,64.74,62.27,196.38M,2.26%
25-Jan-13,62.84,64.53,65.18,62.14,301.99M,-2.36%
24-Jan-13,64.36,65.71,66.53,64.32,365.21M,-12.35%
23-Jan-13,73.43,72.69,73.57,72.11,215.38M,1.83%
22-Jan-13,72.11,72.08,72.55,70.95,115.39M,0.95%
18-Jan-13,71.43,71.22,71.75,70.91,118.29M,-0.53%
17-Jan-13,71.81,72.9,72.96,71.72,113.41M,-0.68%
16-Jan-13,72.3,70.66,72.78,70.36,172.70M,4.15%
15-Jan-13,69.42,71.19,71.28,69.05,219.19M,-3.15%
14-Jan-13,71.68,71.81,72.5,71.22,183.54M,-3.57%
11-Jan-13,74.33,74.43,75.05,74.15,87.69M,-0.62%
10-Jan-13,74.79,75.51,75.53,73.65,150.29M,1.25%
9-Jan-13,73.87,74.64,75,73.71,101.90M,-1.56%
8-Jan-13,75.04,75.6,75.98,74.46,114.68M,0.27%
7-Jan-13,74.84,74.57,75.61,73.6,121.04M,-0.60%
4-Jan-13,75.29,76.71,76.95,75.12,148.58M,-2.78%
3-Jan-13,77.44,78.27,78.52,77.29,88.24M,-1.26%
2-Jan-13,78.43,79.12,79.29,77.38,140.13M,3.17%
31-Dec-12,76.02,72.93,76.49,72.71,164.87M,4.42%
28-Dec-12,72.8,72.9,73.5,72.59,88.57M,-1.06%
27-Dec-12,73.58,73.36,73.75,72.09,113.78M,0.40%
26-Dec-12,73.29,74.14,74.21,73.02,75.61M,-1.37%
24-Dec-12,74.31,74.34,74.89,74.1,43.94M,0.16%
21-Dec-12,74.19,73.21,74.24,72.89,149.13M,-0.46%
20-Dec-12,74.53,75.71,75.74,74.13,120.42M,-0.88%
19-Dec-12,75.19,75.92,76.24,75.07,112.34M,-1.42%
18-Dec-12,76.27,75,76.41,74.32,156.42M,2.90%
17-Dec-12,74.12,72.7,74.29,71.6,189.74M,1.77%
